"filename", "language", "C++", "CMake", "JSON", "YAML", "Swift", "Dart", "Markdown", "TypeScript", "XML", "HTML", "Shell Script", "JavaScript", "GLSL", "PostCSS", "Properties", "WebAssembly Text Format", "comment", "blank", "total"
"c:\MAIN FLUTTER\stockall\README.md", "Markdown", 0, 0, 0, 0, 0, 0, 10, 0, 0, 0, 0, 0, 0, 0, 0, 0, 0, 7, 17
"c:\MAIN FLUTTER\stockall\analysis_options.yaml", "YAML", 0, 0, 0, 3, 0, 0, 0, 0, 0, 0, 0, 0, 0, 0, 0, 0, 22, 4, 29
"c:\MAIN FLUTTER\stockall\android\app\src\debug\AndroidManifest.xml", "XML", 0, 0, 0, 0, 0, 0, 0, 0, 3, 0, 0, 0, 0, 0, 0, 0, 4, 1, 8
"c:\MAIN FLUTTER\stockall\android\app\src\main\AndroidManifest.xml", "XML", 0, 0, 0, 0, 0, 0, 0, 0, 57, 0, 0, 0, 0, 0, 0, 0, 22, 19, 98
"c:\MAIN FLUTTER\stockall\android\app\src\main\res\drawable-v21\launch_background.xml", "XML", 0, 0, 0, 0, 0, 0, 0, 0, 9, 0, 0, 0, 0, 0, 0, 0, 0, 1, 10
"c:\MAIN FLUTTER\stockall\android\app\src\main\res\drawable\launch_background.xml", "XML", 0, 0, 0, 0, 0, 0, 0, 0, 9, 0, 0, 0, 0, 0, 0, 0, 0, 1, 10
"c:\MAIN FLUTTER\stockall\android\app\src\main\res\values-night-v31\styles.xml", "XML", 0, 0, 0, 0, 0, 0, 0, 0, 12, 0, 0, 0, 0, 0, 0, 0, 7, 1, 20
"c:\MAIN FLUTTER\stockall\android\app\src\main\res\values-night\styles.xml", "XML", 0, 0, 0, 0, 0, 0, 0, 0, 13, 0, 0, 0, 0, 0, 0, 0, 9, 1, 23
"c:\MAIN FLUTTER\stockall\android\app\src\main\res\values-v31\styles.xml", "XML", 0, 0, 0, 0, 0, 0, 0, 0, 12, 0, 0, 0, 0, 0, 0, 0, 7, 1, 20
"c:\MAIN FLUTTER\stockall\android\app\src\main\res\values\styles.xml", "XML", 0, 0, 0, 0, 0, 0, 0, 0, 13, 0, 0, 0, 0, 0, 0, 0, 9, 1, 23
"c:\MAIN FLUTTER\stockall\android\app\src\profile\AndroidManifest.xml", "XML", 0, 0, 0, 0, 0, 0, 0, 0, 3, 0, 0, 0, 0, 0, 0, 0, 4, 1, 8
"c:\MAIN FLUTTER\stockall\android\gradle.properties", "Properties", 0, 0, 0, 0, 0, 0, 0, 0, 0, 0, 0, 0, 0, 0, 3, 0, 0, 1, 4
"c:\MAIN FLUTTER\stockall\android\gradle\wrapper\gradle-wrapper.properties", "Properties", 0, 0, 0, 0, 0, 0, 0, 0, 0, 0, 0, 0, 0, 0, 5, 0, 0, 1, 6
"c:\MAIN FLUTTER\stockall\assets\animations\cart_loader.json", "JSON", 0, 0, 1, 0, 0, 0, 0, 0, 0, 0, 0, 0, 0, 0, 0, 0, 0, 0, 1
"c:\MAIN FLUTTER\stockall\assets\animations\check_animation.json", "JSON", 0, 0, 1, 0, 0, 0, 0, 0, 0, 0, 0, 0, 0, 0, 0, 0, 0, 0, 1
"c:\MAIN FLUTTER\stockall\assets\animations\main_loader.json", "JSON", 0, 0, 1, 0, 0, 0, 0, 0, 0, 0, 0, 0, 0, 0, 0, 0, 0, 0, 1
"c:\MAIN FLUTTER\stockall\assets\animations\phone_verify.json", "JSON", 0, 0, 1, 0, 0, 0, 0, 0, 0, 0, 0, 0, 0, 0, 0, 0, 0, 0, 1
"c:\MAIN FLUTTER\stockall\assets\animations\premium.json", "JSON", 0, 0, 1, 0, 0, 0, 0, 0, 0, 0, 0, 0, 0, 0, 0, 0, 0, 0, 1
"c:\MAIN FLUTTER\stockall\assets\animations\profit.json", "JSON", 0, 0, 1, 0, 0, 0, 0, 0, 0, 0, 0, 0, 0, 0, 0, 0, 0, 0, 1
"c:\MAIN FLUTTER\stockall\assets\animations\search_1.json", "JSON", 0, 0, 1, 0, 0, 0, 0, 0, 0, 0, 0, 0, 0, 0, 0, 0, 0, 0, 1
"c:\MAIN FLUTTER\stockall\assets\animations\search_2.json", "JSON", 0, 0, 1, 0, 0, 0, 0, 0, 0, 0, 0, 0, 0, 0, 0, 0, 0, 0, 1
"c:\MAIN FLUTTER\stockall\assets\animations\search_3.json", "JSON", 0, 0, 1, 0, 0, 0, 0, 0, 0, 0, 0, 0, 0, 0, 0, 0, 0, 0, 1
"c:\MAIN FLUTTER\stockall\assets\animations\shop_setup_icon.json", "JSON", 0, 0, 1, 0, 0, 0, 0, 0, 0, 0, 0, 0, 0, 0, 0, 0, 0, 0, 1
"c:\MAIN FLUTTER\stockall\assets\animations\welcome.json", "JSON", 0, 0, 1, 0, 0, 0, 0, 0, 0, 0, 0, 0, 0, 0, 0, 0, 0, 0, 1
"c:\MAIN FLUTTER\stockall\assets\animations\welcome_robot.json", "JSON", 0, 0, 1, 0, 0, 0, 0, 0, 0, 0, 0, 0, 0, 0, 0, 0, 0, 0, 1
"c:\MAIN FLUTTER\stockall\assets\svgs\add_icon.svg", "XML", 0, 0, 0, 0, 0, 0, 0, 0, 4, 0, 0, 0, 0, 0, 0, 0, 0, 1, 5
"c:\MAIN FLUTTER\stockall\assets\svgs\check_icon.svg", "XML", 0, 0, 0, 0, 0, 0, 0, 0, 9, 0, 0, 0, 0, 0, 0, 0, 0, 1, 10
"c:\MAIN FLUTTER\stockall\assets\svgs\cust_book_icon.svg", "XML", 0, 0, 0, 0, 0, 0, 0, 0, 5, 0, 0, 0, 0, 0, 0, 0, 0, 1, 6
"c:\MAIN FLUTTER\stockall\assets\svgs\customers_icon.svg", "XML", 0, 0, 0, 0, 0, 0, 0, 0, 24, 0, 0, 0, 0, 0, 0, 0, 0, 1, 25
"c:\MAIN FLUTTER\stockall\assets\svgs\delete_icon.svg", "XML", 0, 0, 0, 0, 0, 0, 0, 0, 3, 0, 0, 0, 0, 0, 0, 0, 0, 1, 4
"c:\MAIN FLUTTER\stockall\assets\svgs\divide_icon.svg", "XML", 0, 0, 0, 0, 0, 0, 0, 0, 5, 0, 0, 0, 0, 0, 0, 0, 0, 1, 6
"c:\MAIN FLUTTER\stockall\assets\svgs\edit_icon.svg", "XML", 0, 0, 0, 0, 0, 0, 0, 0, 4, 0, 0, 0, 0, 0, 0, 0, 0, 1, 5
"c:\MAIN FLUTTER\stockall\assets\svgs\employees_icon.svg", "XML", 0, 0, 0, 0, 0, 0, 0, 0, 11, 0, 0, 0, 0, 0, 0, 0, 0, 1, 12
"c:\MAIN FLUTTER\stockall\assets\svgs\expenses_icon.svg", "XML", 0, 0, 0, 0, 0, 0, 0, 0, 19, 0, 0, 0, 0, 0, 0, 0, 0, 1, 20
"c:\MAIN FLUTTER\stockall\assets\svgs\make_sales_button.svg", "XML", 0, 0, 0, 0, 0, 0, 0, 0, 15, 0, 0, 0, 0, 0, 0, 0, 0, 1, 16
"c:\MAIN FLUTTER\stockall\assets\svgs\naira_icon.svg", "XML", 0, 0, 0, 0, 0, 0, 0, 0, 9, 0, 0, 0, 0, 0, 0, 0, 0, 1, 10
"c:\MAIN FLUTTER\stockall\assets\svgs\notif_icon.svg", "XML", 0, 0, 0, 0, 0, 0, 0, 0, 14, 0, 0, 0, 0, 0, 0, 0, 0, 1, 15
"c:\MAIN FLUTTER\stockall\assets\svgs\plus_icon.svg", "XML", 0, 0, 0, 0, 0, 0, 0, 0, 12, 0, 0, 0, 0, 0, 0, 0, 1, 0, 13
"c:\MAIN FLUTTER\stockall\assets\svgs\product_icon.svg", "XML", 0, 0, 0, 0, 0, 0, 0, 0, 14, 0, 0, 0, 0, 0, 0, 0, 0, 1, 15
"c:\MAIN FLUTTER\stockall\assets\svgs\pulse_icon.svg", "XML", 0, 0, 0, 0, 0, 0, 0, 0, 9, 0, 0, 0, 0, 0, 0, 0, 0, 1, 10
"c:\MAIN FLUTTER\stockall\assets\svgs\receipt_icon.svg", "XML", 0, 0, 0, 0, 0, 0, 0, 0, 19, 0, 0, 0, 0, 0, 0, 0, 0, 1, 20
"c:\MAIN FLUTTER\stockall\assets\svgs\report_icon.svg", "XML", 0, 0, 0, 0, 0, 0, 0, 0, 14, 0, 0, 0, 0, 0, 0, 0, 0, 1, 15
"c:\MAIN FLUTTER\stockall\assets\svgs\sales_icon.svg", "XML", 0, 0, 0, 0, 0, 0, 0, 0, 14, 0, 0, 0, 0, 0, 0, 0, 0, 1, 15
"c:\MAIN FLUTTER\stockall\assets\svgs\whatsapp_logo_icon.svg", "XML", 0, 0, 0, 0, 0, 0, 0, 0, 19, 0, 0, 0, 0, 0, 0, 0, 1, 0, 20
"c:\MAIN FLUTTER\stockall\build.sh", "Shell Script", 0, 0, 0, 0, 0, 0, 0, 0, 0, 0, 4, 0, 0, 0, 0, 0, 1, 0, 5
"c:\MAIN FLUTTER\stockall\build\web\assets\AssetManifest.bin.json", "JSON", 0, 0, 1, 0, 0, 0, 0, 0, 0, 0, 0, 0, 0, 0, 0, 0, 0, 0, 1
"c:\MAIN FLUTTER\stockall\build\web\assets\AssetManifest.json", "JSON", 0, 0, 1, 0, 0, 0, 0, 0, 0, 0, 0, 0, 0, 0, 0, 0, 0, 0, 1
"c:\MAIN FLUTTER\stockall\build\web\assets\FontManifest.json", "JSON", 0, 0, 1, 0, 0, 0, 0, 0, 0, 0, 0, 0, 0, 0, 0, 0, 0, 0, 1
"c:\MAIN FLUTTER\stockall\build\web\assets\assets\animations\cart_loader.json", "JSON", 0, 0, 1, 0, 0, 0, 0, 0, 0, 0, 0, 0, 0, 0, 0, 0, 0, 0, 1
"c:\MAIN FLUTTER\stockall\build\web\assets\assets\animations\check_animation.json", "JSON", 0, 0, 1, 0, 0, 0, 0, 0, 0, 0, 0, 0, 0, 0, 0, 0, 0, 0, 1
"c:\MAIN FLUTTER\stockall\build\web\assets\assets\animations\main_loader.json", "JSON", 0, 0, 1, 0, 0, 0, 0, 0, 0, 0, 0, 0, 0, 0, 0, 0, 0, 0, 1
"c:\MAIN FLUTTER\stockall\build\web\assets\assets\animations\phone_verify.json", "JSON", 0, 0, 1, 0, 0, 0, 0, 0, 0, 0, 0, 0, 0, 0, 0, 0, 0, 0, 1
"c:\MAIN FLUTTER\stockall\build\web\assets\assets\animations\premium.json", "JSON", 0, 0, 1, 0, 0, 0, 0, 0, 0, 0, 0, 0, 0, 0, 0, 0, 0, 0, 1
"c:\MAIN FLUTTER\stockall\build\web\assets\assets\animations\profit.json", "JSON", 0, 0, 1, 0, 0, 0, 0, 0, 0, 0, 0, 0, 0, 0, 0, 0, 0, 0, 1
"c:\MAIN FLUTTER\stockall\build\web\assets\assets\animations\search_1.json", "JSON", 0, 0, 1, 0, 0, 0, 0, 0, 0, 0, 0, 0, 0, 0, 0, 0, 0, 0, 1
"c:\MAIN FLUTTER\stockall\build\web\assets\assets\animations\search_2.json", "JSON", 0, 0, 1, 0, 0, 0, 0, 0, 0, 0, 0, 0, 0, 0, 0, 0, 0, 0, 1
"c:\MAIN FLUTTER\stockall\build\web\assets\assets\animations\search_3.json", "JSON", 0, 0, 1, 0, 0, 0, 0, 0, 0, 0, 0, 0, 0, 0, 0, 0, 0, 0, 1
"c:\MAIN FLUTTER\stockall\build\web\assets\assets\animations\shop_setup_icon.json", "JSON", 0, 0, 1, 0, 0, 0, 0, 0, 0, 0, 0, 0, 0, 0, 0, 0, 0, 0, 1
"c:\MAIN FLUTTER\stockall\build\web\assets\assets\animations\welcome.json", "JSON", 0, 0, 1, 0, 0, 0, 0, 0, 0, 0, 0, 0, 0, 0, 0, 0, 0, 0, 1
"c:\MAIN FLUTTER\stockall\build\web\assets\assets\animations\welcome_robot.json", "JSON", 0, 0, 1, 0, 0, 0, 0, 0, 0, 0, 0, 0, 0, 0, 0, 0, 0, 0, 1
"c:\MAIN FLUTTER\stockall\build\web\assets\assets\svgs\add_icon.svg", "XML", 0, 0, 0, 0, 0, 0, 0, 0, 4, 0, 0, 0, 0, 0, 0, 0, 0, 1, 5
"c:\MAIN FLUTTER\stockall\build\web\assets\assets\svgs\check_icon.svg", "XML", 0, 0, 0, 0, 0, 0, 0, 0, 9, 0, 0, 0, 0, 0, 0, 0, 0, 1, 10
"c:\MAIN FLUTTER\stockall\build\web\assets\assets\svgs\cust_book_icon.svg", "XML", 0, 0, 0, 0, 0, 0, 0, 0, 5, 0, 0, 0, 0, 0, 0, 0, 0, 1, 6
"c:\MAIN FLUTTER\stockall\build\web\assets\assets\svgs\customers_icon.svg", "XML", 0, 0, 0, 0, 0, 0, 0, 0, 24, 0, 0, 0, 0, 0, 0, 0, 0, 1, 25
"c:\MAIN FLUTTER\stockall\build\web\assets\assets\svgs\delete_icon.svg", "XML", 0, 0, 0, 0, 0, 0, 0, 0, 3, 0, 0, 0, 0, 0, 0, 0, 0, 1, 4
"c:\MAIN FLUTTER\stockall\build\web\assets\assets\svgs\divide_icon.svg", "XML", 0, 0, 0, 0, 0, 0, 0, 0, 5, 0, 0, 0, 0, 0, 0, 0, 0, 1, 6
"c:\MAIN FLUTTER\stockall\build\web\assets\assets\svgs\edit_icon.svg", "XML", 0, 0, 0, 0, 0, 0, 0, 0, 4, 0, 0, 0, 0, 0, 0, 0, 0, 1, 5
"c:\MAIN FLUTTER\stockall\build\web\assets\assets\svgs\employees_icon.svg", "XML", 0, 0, 0, 0, 0, 0, 0, 0, 11, 0, 0, 0, 0, 0, 0, 0, 0, 1, 12
"c:\MAIN FLUTTER\stockall\build\web\assets\assets\svgs\expenses_icon.svg", "XML", 0, 0, 0, 0, 0, 0, 0, 0, 19, 0, 0, 0, 0, 0, 0, 0, 0, 1, 20
"c:\MAIN FLUTTER\stockall\build\web\assets\assets\svgs\make_sales_button.svg", "XML", 0, 0, 0, 0, 0, 0, 0, 0, 15, 0, 0, 0, 0, 0, 0, 0, 0, 1, 16
"c:\MAIN FLUTTER\stockall\build\web\assets\assets\svgs\naira_icon.svg", "XML", 0, 0, 0, 0, 0, 0, 0, 0, 9, 0, 0, 0, 0, 0, 0, 0, 0, 1, 10
"c:\MAIN FLUTTER\stockall\build\web\assets\assets\svgs\notif_icon.svg", "XML", 0, 0, 0, 0, 0, 0, 0, 0, 14, 0, 0, 0, 0, 0, 0, 0, 0, 1, 15
"c:\MAIN FLUTTER\stockall\build\web\assets\assets\svgs\plus_icon.svg", "XML", 0, 0, 0, 0, 0, 0, 0, 0, 12, 0, 0, 0, 0, 0, 0, 0, 1, 0, 13
"c:\MAIN FLUTTER\stockall\build\web\assets\assets\svgs\product_icon.svg", "XML", 0, 0, 0, 0, 0, 0, 0, 0, 14, 0, 0, 0, 0, 0, 0, 0, 0, 1, 15
"c:\MAIN FLUTTER\stockall\build\web\assets\assets\svgs\pulse_icon.svg", "XML", 0, 0, 0, 0, 0, 0, 0, 0, 9, 0, 0, 0, 0, 0, 0, 0, 0, 1, 10
"c:\MAIN FLUTTER\stockall\build\web\assets\assets\svgs\receipt_icon.svg", "XML", 0, 0, 0, 0, 0, 0, 0, 0, 19, 0, 0, 0, 0, 0, 0, 0, 0, 1, 20
"c:\MAIN FLUTTER\stockall\build\web\assets\assets\svgs\report_icon.svg", "XML", 0, 0, 0, 0, 0, 0, 0, 0, 14, 0, 0, 0, 0, 0, 0, 0, 0, 1, 15
"c:\MAIN FLUTTER\stockall\build\web\assets\assets\svgs\sales_icon.svg", "XML", 0, 0, 0, 0, 0, 0, 0, 0, 14, 0, 0, 0, 0, 0, 0, 0, 0, 1, 15
"c:\MAIN FLUTTER\stockall\build\web\assets\assets\svgs\whatsapp_logo_icon.svg", "XML", 0, 0, 0, 0, 0, 0, 0, 0, 19, 0, 0, 0, 0, 0, 0, 0, 1, 0, 20
"c:\MAIN FLUTTER\stockall\build\web\assets\packages\flutter_inappwebview\assets\t_rex_runner\t-rex.css", "PostCSS", 0, 0, 0, 0, 0, 0, 0, 0, 0, 0, 0, 0, 0, 59, 0, 0, 0, 1, 60
"c:\MAIN FLUTTER\stockall\build\web\assets\packages\flutter_inappwebview\assets\t_rex_runner\t-rex.html", "HTML", 0, 0, 0, 0, 0, 0, 0, 0, 0, 16, 0, 0, 0, 0, 0, 0, 0, 0, 16
"c:\MAIN FLUTTER\stockall\build\web\assets\packages\flutter_inappwebview_web\assets\web\web_support.js", "JavaScript", 0, 0, 0, 0, 0, 0, 0, 0, 0, 0, 0, 556, 0, 0, 0, 0, 8, 29, 593
"c:\MAIN FLUTTER\stockall\build\web\assets\shaders\ink_sparkle.frag", "GLSL", 0, 0, 0, 0, 0, 0, 0, 0, 0, 0, 0, 0, 126, 0, 0, 0, 0, 0, 126
"c:\MAIN FLUTTER\stockall\build\web\canvaskit\canvaskit.js", "JavaScript", 0, 0, 0, 0, 0, 0, 0, 0, 0, 0, 0, 187, 0, 0, 0, 0, 0, 6, 193
"c:\MAIN FLUTTER\stockall\build\web\canvaskit\canvaskit.wasm", "WebAssembly Text Format", 0, 0, 0, 0, 0, 0, 0, 0, 0, 0, 0, 0, 0, 0, 0, 130070, 0, 3721, 133791
"c:\MAIN FLUTTER\stockall\build\web\canvaskit\chromium\canvaskit.js", "JavaScript", 0, 0, 0, 0, 0, 0, 0, 0, 0, 0, 0, 187, 0, 0, 0, 0, 0, 6, 193
"c:\MAIN FLUTTER\stockall\build\web\canvaskit\chromium\canvaskit.wasm", "WebAssembly Text Format", 0, 0, 0, 0, 0, 0, 0, 0, 0, 0, 0, 0, 0, 0, 0, 108434, 0, 2666, 111100
"c:\MAIN FLUTTER\stockall\build\web\canvaskit\skwasm.js", "JavaScript", 0, 0, 0, 0, 0, 0, 0, 0, 0, 0, 0, 135, 0, 0, 0, 0, 0, 6, 141
"c:\MAIN FLUTTER\stockall\build\web\canvaskit\skwasm.wasm", "WebAssembly Text Format", 0, 0, 0, 0, 0, 0, 0, 0, 0, 0, 0, 0, 0, 0, 0, 56459, 0, 1325, 57784
"c:\MAIN FLUTTER\stockall\build\web\canvaskit\skwasm_heavy.js", "JavaScript", 0, 0, 0, 0, 0, 0, 0, 0, 0, 0, 0, 135, 0, 0, 0, 0, 0, 6, 141
"c:\MAIN FLUTTER\stockall\build\web\canvaskit\skwasm_heavy.wasm", "WebAssembly Text Format", 0, 0, 0, 0, 0, 0, 0, 0, 0, 0, 0, 0, 0, 0, 0, 78453, 0, 2413, 80866
"c:\MAIN FLUTTER\stockall\build\web\flutter.js", "JavaScript", 0, 0, 0, 0, 0, 0, 0, 0, 0, 0, 0, 29, 0, 0, 0, 0, 0, 4, 33
"c:\MAIN FLUTTER\stockall\build\web\flutter_bootstrap.js", "JavaScript", 0, 0, 0, 0, 0, 0, 0, 0, 0, 0, 0, 40, 0, 0, 0, 0, 0, 4, 44
"c:\MAIN FLUTTER\stockall\build\web\flutter_service_worker.js", "JavaScript", 0, 0, 0, 0, 0, 0, 0, 0, 0, 0, 0, 491, 0, 0, 0, 0, 31, 3, 525
"c:\MAIN FLUTTER\stockall\build\web\index.html", "HTML", 0, 0, 0, 0, 0, 0, 0, 0, 0, 89, 0, 0, 0, 0, 0, 0, 17, 33, 139
"c:\MAIN FLUTTER\stockall\build\web\main.dart.js", "JavaScript", 0, 0, 0, 0, 0, 0, 0, 0, 0, 0, 0, 220216, 0, 0, 0, 0, 0, 1, 220217
"c:\MAIN FLUTTER\stockall\build\web\manifest.json", "JSON", 0, 0, 35, 0, 0, 0, 0, 0, 0, 0, 0, 0, 0, 0, 0, 0, 0, 0, 35
"c:\MAIN FLUTTER\stockall\build\web\version.json", "JSON", 0, 0, 1, 0, 0, 0, 0, 0, 0, 0, 0, 0, 0, 0, 0, 0, 0, 0, 1
"c:\MAIN FLUTTER\stockall\devtools_options.yaml", "YAML", 0, 0, 0, 3, 0, 0, 0, 0, 0, 0, 0, 0, 0, 0, 0, 0, 0, 1, 4
"c:\MAIN FLUTTER\stockall\ios\RunnerTests\RunnerTests.swift", "Swift", 0, 0, 0, 0, 7, 0, 0, 0, 0, 0, 0, 0, 0, 0, 0, 0, 2, 4, 13
"c:\MAIN FLUTTER\stockall\ios\Runner\AppDelegate.swift", "Swift", 0, 0, 0, 0, 12, 0, 0, 0, 0, 0, 0, 0, 0, 0, 0, 0, 7, 6, 25
"c:\MAIN FLUTTER\stockall\ios\Runner\Assets.xcassets\AppIcon.appiconset\Contents.json", "JSON", 0, 0, 1, 0, 0, 0, 0, 0, 0, 0, 0, 0, 0, 0, 0, 0, 0, 0, 1
"c:\MAIN FLUTTER\stockall\ios\Runner\Assets.xcassets\LaunchBackground.imageset\Contents.json", "JSON", 0, 0, 21, 0, 0, 0, 0, 0, 0, 0, 0, 0, 0, 0, 0, 0, 0, 1, 22
"c:\MAIN FLUTTER\stockall\ios\Runner\Assets.xcassets\LaunchImage.imageset\Contents.json", "JSON", 0, 0, 23, 0, 0, 0, 0, 0, 0, 0, 0, 0, 0, 0, 0, 0, 0, 1, 24
"c:\MAIN FLUTTER\stockall\ios\Runner\Assets.xcassets\LaunchImage.imageset\README.md", "Markdown", 0, 0, 0, 0, 0, 0, 3, 0, 0, 0, 0, 0, 0, 0, 0, 0, 0, 2, 5
"c:\MAIN FLUTTER\stockall\ios\Runner\Base.lproj\LaunchScreen.storyboard", "XML", 0, 0, 0, 0, 0, 0, 0, 0, 43, 0, 0, 0, 0, 0, 0, 0, 1, 1, 45
"c:\MAIN FLUTTER\stockall\ios\Runner\Base.lproj\Main.storyboard", "XML", 0, 0, 0, 0, 0, 0, 0, 0, 25, 0, 0, 0, 0, 0, 0, 0, 1, 1, 27
"c:\MAIN FLUTTER\stockall\ios\Runner\Runner-Bridging-Header.h", "C++", 1, 0, 0, 0, 0, 0, 0, 0, 0, 0, 0, 0, 0, 0, 0, 0, 0, 1, 2
"c:\MAIN FLUTTER\stockall\lib\classes\app_version\app_version.dart", "Dart", 0, 0, 0, 0, 0, 23, 0, 0, 0, 0, 0, 0, 0, 0, 0, 0, 0, 6, 29
"c:\MAIN FLUTTER\stockall\lib\classes\app_version\app_version.g.dart", "Dart", 0, 0, 0, 0, 0, 36, 0, 0, 0, 0, 0, 0, 0, 0, 0, 0, 4, 8, 48
"c:\MAIN FLUTTER\stockall\lib\classes\checkout_response.dart", "Dart", 0, 0, 0, 0, 0, 8, 0, 0, 0, 0, 0, 0, 0, 0, 0, 0, 0, 2, 10
"c:\MAIN FLUTTER\stockall\lib\classes\currency_class\currency_class.dart", "Dart", 0, 0, 0, 0, 0, 10, 0, 0, 0, 0, 0, 0, 0, 0, 0, 0, 0, 2, 12
"c:\MAIN FLUTTER\stockall\lib\classes\product_quantity_summary\product_quantity_summary.dart", "Dart", 0, 0, 0, 0, 0, 10, 0, 0, 0, 0, 0, 0, 0, 0, 0, 0, 0, 2, 12
"c:\MAIN FLUTTER\stockall\lib\classes\product_report_summary\product_report_summary.dart", "Dart", 0, 0, 0, 0, 0, 14, 0, 0, 0, 0, 0, 0, 0, 0, 0, 0, 0, 2, 16
"c:\MAIN FLUTTER\stockall\lib\classes\product_suggestions\product_suggestion.dart", "Dart", 0, 0, 0, 0, 0, 0, 0, 0, 0, 0, 0, 0, 0, 0, 0, 0, 49, 11, 60
"c:\MAIN FLUTTER\stockall\lib\classes\product_summary\product_summary_class.dart", "Dart", 0, 0, 0, 0, 0, 8, 0, 0, 0, 0, 0, 0, 0, 0, 0, 0, 0, 2, 10
"c:\MAIN FLUTTER\stockall\lib\classes\refunded_records\refunded_records.dart", "Dart", 0, 0, 0, 0, 0, 48, 0, 0, 0, 0, 0, 0, 0, 0, 0, 0, 0, 4, 52
"c:\MAIN FLUTTER\stockall\lib\classes\subplan_class.dart", "Dart", 0, 0, 0, 0, 0, 37, 0, 0, 0, 0, 0, 0, 0, 0, 0, 0, 0, 3, 40
"c:\MAIN FLUTTER\stockall\lib\classes\subscription\subscription_class.dart", "Dart", 0, 0, 0, 0, 0, 65, 0, 0, 0, 0, 0, 0, 0, 0, 0, 0, 0, 13, 78
"c:\MAIN FLUTTER\stockall\lib\classes\subscription\subscription_class.g.dart", "Dart", 0, 0, 0, 0, 0, 48, 0, 0, 0, 0, 0, 0, 0, 0, 0, 0, 4, 8, 60
"c:\MAIN FLUTTER\stockall\lib\classes\temp_barcode_printer_class\barcode_printer_local.dart", "Dart", 0, 0, 0, 0, 0, 15, 0, 0, 0, 0, 0, 0, 0, 0, 0, 0, 0, 5, 20
"c:\MAIN FLUTTER\stockall\lib\classes\temp_barcode_printer_class\barcode_printer_local.g.dart", "Dart", 0, 0, 0, 0, 0, 33, 0, 0, 0, 0, 0, 0, 0, 0, 0, 0, 4, 8, 45
"c:\MAIN FLUTTER\stockall\lib\classes\temp_barcode_printer_class\printer_settings\printer_settings.dart", "Dart", 0, 0, 0, 0, 0, 31, 0, 0, 0, 0, 0, 0, 0, 0, 0, 0, 0, 11, 42
"c:\MAIN FLUTTER\stockall\lib\classes\temp_barcode_printer_class\printer_settings\printer_settings.g.dart", "Dart", 0, 0, 0, 0, 0, 51, 0, 0, 0, 0, 0, 0, 0, 0, 0, 0, 4, 8, 63
"c:\MAIN FLUTTER\stockall\lib\classes\temp_barcode_printer_class\temp_barcode_printer_class.dart", "Dart", 0, 0, 0, 0, 0, 28, 0, 0, 0, 0, 0, 0, 0, 0, 0, 0, 0, 4, 32
"c:\MAIN FLUTTER\stockall\lib\classes\temp_barcode_printer_class\temp_barcode_printer_class\temp_barcode_printer_class.dart", "Dart", 0, 0, 0, 0, 0, 13, 0, 0, 0, 0, 0, 0, 0, 0, 0, 0, 0, 5, 18
"c:\MAIN FLUTTER\stockall\lib\classes\temp_barcode_printer_class\temp_barcode_printer_class\temp_barcode_printer_class.g.dart", "Dart", 0, 0, 0, 0, 0, 34, 0, 0, 0, 0, 0, 0, 0, 0, 0, 0, 4, 8, 46
"c:\MAIN FLUTTER\stockall\lib\classes\temp_cart\temp_cart.dart", "Dart", 0, 0, 0, 0, 0, 33, 0, 0, 0, 0, 0, 0, 0, 0, 0, 0, 2, 3, 38
"c:\MAIN FLUTTER\stockall\lib\classes\temp_cart_items\temp_cart_item.dart", "Dart", 0, 0, 0, 0, 0, 82, 0, 0, 0, 0, 0, 0, 0, 0, 0, 0, 5, 11, 98
"c:\MAIN FLUTTER\stockall\lib\classes\temp_current_shop\temp_current_shop.dart", "Dart", 0, 0, 0, 0, 0, 8, 0, 0, 0, 0, 0, 0, 0, 0, 0, 0, 0, 4, 12
"c:\MAIN FLUTTER\stockall\lib\classes\temp_current_shop\temp_current_shop.g.dart", "Dart", 0, 0, 0, 0, 0, 30, 0, 0, 0, 0, 0, 0, 0, 0, 0, 0, 4, 8, 42
"c:\MAIN FLUTTER\stockall\lib\classes\temp_customers\temp_customers_class.dart", "Dart", 0, 0, 0, 0, 0, 89, 0, 0, 0, 0, 0, 0, 0, 0, 0, 0, 1, 19, 109
"c:\MAIN FLUTTER\stockall\lib\classes\temp_customers\temp_customers_class.g.dart", "Dart", 0, 0, 0, 0, 0, 69, 0, 0, 0, 0, 0, 0, 0, 0, 0, 0, 4, 8, 81
"c:\MAIN FLUTTER\stockall\lib\classes\temp_customers\unsynced\created_customers\created_customers.dart", "Dart", 0, 0, 0, 0, 0, 9, 0, 0, 0, 0, 0, 0, 0, 0, 0, 0, 0, 3, 12
"c:\MAIN FLUTTER\stockall\lib\classes\temp_customers\unsynced\created_customers\created_customers.g.dart", "Dart", 0, 0, 0, 0, 0, 30, 0, 0, 0, 0, 0, 0, 0, 0, 0, 0, 4, 8, 42
"c:\MAIN FLUTTER\stockall\lib\classes\temp_customers\unsynced\deleted_customers\deleted_customers.dart", "Dart", 0, 0, 0, 0, 0, 13, 0, 0, 0, 0, 0, 0, 0, 0, 0, 0, 0, 4, 17
"c:\MAIN FLUTTER\stockall\lib\classes\temp_customers\unsynced\deleted_customers\deleted_customers.g.dart", "Dart", 0, 0, 0, 0, 0, 33, 0, 0, 0, 0, 0, 0, 0, 0, 0, 0, 4, 8, 45
"c:\MAIN FLUTTER\stockall\lib\classes\temp_customers\unsynced\updated\updated_customers.dart", "Dart", 0, 0, 0, 0, 0, 9, 0, 0, 0, 0, 0, 0, 0, 0, 0, 0, 0, 3, 12
"c:\MAIN FLUTTER\stockall\lib\classes\temp_customers\unsynced\updated\updated_customers.g.dart", "Dart", 0, 0, 0, 0, 0, 30, 0, 0, 0, 0, 0, 0, 0, 0, 0, 0, 4, 8, 42
"c:\MAIN FLUTTER\stockall\lib\classes\temp_departments_class\department_class.dart", "Dart", 0, 0, 0, 0, 0, 52, 0, 0, 0, 0, 0, 0, 0, 0, 0, 0, 2, 11, 65
"c:\MAIN FLUTTER\stockall\lib\classes\temp_departments_class\department_class.g.dart", "Dart", 0, 0, 0, 0, 0, 45, 0, 0, 0, 0, 0, 0, 0, 0, 0, 0, 4, 8, 57
"c:\MAIN FLUTTER\stockall\lib\classes\temp_departments_class\unsynced\created_departments\created_departments.dart", "Dart", 0, 0, 0, 0, 0, 9, 0, 0, 0, 0, 0, 0, 0, 0, 0, 0, 0, 3, 12
"c:\MAIN FLUTTER\stockall\lib\classes\temp_departments_class\unsynced\created_departments\created_departments.g.dart", "Dart", 0, 0, 0, 0, 0, 30, 0, 0, 0, 0, 0, 0, 0, 0, 0, 0, 4, 8, 42
"c:\MAIN FLUTTER\stockall\lib\classes\temp_departments_class\unsynced\deleted_departments\deleted_departments.dart", "Dart", 0, 0, 0, 0, 0, 13, 0, 0, 0, 0, 0, 0, 0, 0, 0, 0, 0, 4, 17
"c:\MAIN FLUTTER\stockall\lib\classes\temp_departments_class\unsynced\deleted_departments\deleted_departments.g.dart", "Dart", 0, 0, 0, 0, 0, 33, 0, 0, 0, 0, 0, 0, 0, 0, 0, 0, 4, 8, 45
"c:\MAIN FLUTTER\stockall\lib\classes\temp_departments_class\unsynced\updated\updated_departments.dart", "Dart", 0, 0, 0, 0, 0, 9, 0, 0, 0, 0, 0, 0, 0, 0, 0, 0, 0, 3, 12
"c:\MAIN FLUTTER\stockall\lib\classes\temp_departments_class\unsynced\updated\updated_departments.g.dart", "Dart", 0, 0, 0, 0, 0, 30, 0, 0, 0, 0, 0, 0, 0, 0, 0, 0, 4, 8, 42
"c:\MAIN FLUTTER\stockall\lib\classes\temp_event_log\temp_event_log_class.dart", "Dart", 0, 0, 0, 0, 0, 73, 0, 0, 0, 0, 0, 0, 0, 0, 0, 0, 0, 15, 88
"c:\MAIN FLUTTER\stockall\lib\classes\temp_event_log\temp_event_log_class.g.dart", "Dart", 0, 0, 0, 0, 0, 57, 0, 0, 0, 0, 0, 0, 0, 0, 0, 0, 4, 8, 69
"c:\MAIN FLUTTER\stockall\lib\classes\temp_event_log\unsynced\created_events_log_class.dart", "Dart", 0, 0, 0, 0, 0, 9, 0, 0, 0, 0, 0, 0, 0, 0, 0, 0, 0, 3, 12
"c:\MAIN FLUTTER\stockall\lib\classes\temp_event_log\unsynced\created_events_log_class.g.dart", "Dart", 0, 0, 0, 0, 0, 30, 0, 0, 0, 0, 0, 0, 0, 0, 0, 0, 4, 8, 42
"c:\MAIN FLUTTER\stockall\lib\classes\temp_expenses\temp_expenses_class.dart", "Dart", 0, 0, 0, 0, 0, 100, 0, 0, 0, 0, 0, 0, 0, 0, 0, 0, 1, 20, 121
"c:\MAIN FLUTTER\stockall\lib\classes\temp_expenses\temp_expenses_class.g.dart", "Dart", 0, 0, 0, 0, 0, 72, 0, 0, 0, 0, 0, 0, 0, 0, 0, 0, 4, 8, 84
"c:\MAIN FLUTTER\stockall\lib\classes\temp_expenses\unsynced\created_expenses\created_expenses.dart", "Dart", 0, 0, 0, 0, 0, 9, 0, 0, 0, 0, 0, 0, 0, 0, 0, 0, 0, 3, 12
"c:\MAIN FLUTTER\stockall\lib\classes\temp_expenses\unsynced\created_expenses\created_expenses.g.dart", "Dart", 0, 0, 0, 0, 0, 30, 0, 0, 0, 0, 0, 0, 0, 0, 0, 0, 4, 8, 42
"c:\MAIN FLUTTER\stockall\lib\classes\temp_expenses\unsynced\deleted_expenses\deleted_expenses.dart", "Dart", 0, 0, 0, 0, 0, 13, 0, 0, 0, 0, 0, 0, 0, 0, 0, 0, 0, 4, 17
"c:\MAIN FLUTTER\stockall\lib\classes\temp_expenses\unsynced\deleted_expenses\deleted_expenses.g.dart", "Dart", 0, 0, 0, 0, 0, 33, 0, 0, 0, 0, 0, 0, 0, 0, 0, 0, 4, 8, 45
"c:\MAIN FLUTTER\stockall\lib\classes\temp_expenses\unsynced\updated\updated_expenses.dart", "Dart", 0, 0, 0, 0, 0, 9, 0, 0, 0, 0, 0, 0, 0, 0, 0, 0, 0, 3, 12
"c:\MAIN FLUTTER\stockall\lib\classes\temp_expenses\unsynced\updated\updated_expenses.g.dart", "Dart", 0, 0, 0, 0, 0, 30, 0, 0, 0, 0, 0, 0, 0, 0, 0, 0, 4, 8, 42
"c:\MAIN FLUTTER\stockall\lib\classes\temp_invoices\temp_invoices.dart", "Dart", 0, 0, 0, 0, 0, 115, 0, 0, 0, 0, 0, 0, 0, 0, 0, 0, 11, 26, 152
"c:\MAIN FLUTTER\stockall\lib\classes\temp_invoices\temp_invoices.g.dart", "Dart", 0, 0, 0, 0, 0, 84, 0, 0, 0, 0, 0, 0, 0, 0, 0, 0, 4, 8, 96
"c:\MAIN FLUTTER\stockall\lib\classes\temp_invoices\unsynced\created_invoices\created_invoices.dart", "Dart", 0, 0, 0, 0, 0, 9, 0, 0, 0, 0, 0, 0, 0, 0, 0, 0, 0, 3, 12
"c:\MAIN FLUTTER\stockall\lib\classes\temp_invoices\unsynced\created_invoices\created_invoices.g.dart", "Dart", 0, 0, 0, 0, 0, 30, 0, 0, 0, 0, 0, 0, 0, 0, 0, 0, 4, 8, 42
"c:\MAIN FLUTTER\stockall\lib\classes\temp_invoices\unsynced\deleted_invoices\deleted_invoices.dart", "Dart", 0, 0, 0, 0, 0, 8, 0, 0, 0, 0, 0, 0, 0, 0, 0, 0, 0, 3, 11
"c:\MAIN FLUTTER\stockall\lib\classes\temp_invoices\unsynced\deleted_invoices\deleted_invoices.g.dart", "Dart", 0, 0, 0, 0, 0, 30, 0, 0, 0, 0, 0, 0, 0, 0, 0, 0, 4, 8, 42
"c:\MAIN FLUTTER\stockall\lib\classes\temp_invoices\unsynced\updated\updated_invoices.dart", "Dart", 0, 0, 0, 0, 0, 9, 0, 0, 0, 0, 0, 0, 0, 0, 0, 0, 0, 3, 12
"c:\MAIN FLUTTER\stockall\lib\classes\temp_invoices\unsynced\updated\updated_invoices.g.dart", "Dart", 0, 0, 0, 0, 0, 30, 0, 0, 0, 0, 0, 0, 0, 0, 0, 0, 4, 8, 42
"c:\MAIN FLUTTER\stockall\lib\classes\temp_logged_in_user\logged_in_user.dart", "Dart", 0, 0, 0, 0, 0, 9, 0, 0, 0, 0, 0, 0, 0, 0, 0, 0, 0, 3, 12
"c:\MAIN FLUTTER\stockall\lib\classes\temp_logged_in_user\logged_in_user.g.dart", "Dart", 0, 0, 0, 0, 0, 30, 0, 0, 0, 0, 0, 0, 0, 0, 0, 0, 4, 8, 42
"c:\MAIN FLUTTER\stockall\lib\classes\temp_main_receipt\temp_main_receipt.dart", "Dart", 0, 0, 0, 0, 0, 129, 0, 0, 0, 0, 0, 0, 0, 0, 0, 0, 1, 27, 157
"c:\MAIN FLUTTER\stockall\lib\classes\temp_main_receipt\temp_main_receipt.g.dart", "Dart", 0, 0, 0, 0, 0, 93, 0, 0, 0, 0, 0, 0, 0, 0, 0, 0, 4, 8, 105
"c:\MAIN FLUTTER\stockall\lib\classes\temp_main_receipt\unsynced\created_receipts\created_receipts.dart", "Dart", 0, 0, 0, 0, 0, 9, 0, 0, 0, 0, 0, 0, 0, 0, 0, 0, 0, 3, 12
"c:\MAIN FLUTTER\stockall\lib\classes\temp_main_receipt\unsynced\created_receipts\created_receipts.g.dart", "Dart", 0, 0, 0, 0, 0, 30, 0, 0, 0, 0, 0, 0, 0, 0, 0, 0, 4, 8, 42
"c:\MAIN FLUTTER\stockall\lib\classes\temp_main_receipt\unsynced\deleted_customers\deleted_receipts.dart", "Dart", 0, 0, 0, 0, 0, 8, 0, 0, 0, 0, 0, 0, 0, 0, 0, 0, 0, 3, 11
"c:\MAIN FLUTTER\stockall\lib\classes\temp_main_receipt\unsynced\deleted_customers\deleted_receipts.g.dart", "Dart", 0, 0, 0, 0, 0, 30, 0, 0, 0, 0, 0, 0, 0, 0, 0, 0, 4, 8, 42
"c:\MAIN FLUTTER\stockall\lib\classes\temp_main_receipt\unsynced\updated\updated_receipts.dart", "Dart", 0, 0, 0, 0, 0, 8, 0, 0, 0, 0, 0, 0, 0, 0, 0, 0, 0, 3, 11
"c:\MAIN FLUTTER\stockall\lib\classes\temp_main_receipt\unsynced\updated\updated_receipts.g.dart", "Dart", 0, 0, 0, 0, 0, 30, 0, 0, 0, 0, 0, 0, 0, 0, 0, 0, 4, 8, 42
"c:\MAIN FLUTTER\stockall\lib\classes\temp_notification\temp_notification.dart", "Dart", 0, 0, 0, 0, 0, 92, 0, 0, 0, 0, 0, 0, 0, 0, 0, 0, 5, 21, 118
"c:\MAIN FLUTTER\stockall\lib\classes\temp_notification\temp_notification.g.dart", "Dart", 0, 0, 0, 0, 0, 72, 0, 0, 0, 0, 0, 0, 0, 0, 0, 0, 4, 8, 84
"c:\MAIN FLUTTER\stockall\lib\classes\temp_product_class\temp_product_class.dart", "Dart", 0, 0, 0, 0, 0, 176, 0, 0, 0, 0, 0, 0, 0, 0, 0, 0, 0, 32, 208
"c:\MAIN FLUTTER\stockall\lib\classes\temp_product_class\temp_product_class.g.dart", "Dart", 0, 0, 0, 0, 0, 108, 0, 0, 0, 0, 0, 0, 0, 0, 0, 0, 4, 8, 120
"c:\MAIN FLUTTER\stockall\lib\classes\temp_product_class\unsynced\created_products\created_products.dart", "Dart", 0, 0, 0, 0, 0, 9, 0, 0, 0, 0, 0, 0, 0, 0, 0, 0, 0, 3, 12
"c:\MAIN FLUTTER\stockall\lib\classes\temp_product_class\unsynced\created_products\created_products.g.dart", "Dart", 0, 0, 0, 0, 0, 30, 0, 0, 0, 0, 0, 0, 0, 0, 0, 0, 4, 8, 42
"c:\MAIN FLUTTER\stockall\lib\classes\temp_product_class\unsynced\deleted_products\deleted_products.dart", "Dart", 0, 0, 0, 0, 0, 13, 0, 0, 0, 0, 0, 0, 0, 0, 0, 0, 0, 4, 17
"c:\MAIN FLUTTER\stockall\lib\classes\temp_product_class\unsynced\deleted_products\deleted_products.g.dart", "Dart", 0, 0, 0, 0, 0, 33, 0, 0, 0, 0, 0, 0, 0, 0, 0, 0, 4, 8, 45
"c:\MAIN FLUTTER\stockall\lib\classes\temp_product_class\unsynced\sales_product\sales_products.dart", "Dart", 0, 0, 0, 0, 0, 13, 0, 0, 0, 0, 0, 0, 0, 0, 0, 0, 0, 3, 16
"c:\MAIN FLUTTER\stockall\lib\classes\temp_product_class\unsynced\sales_product\sales_products.g.dart", "Dart", 0, 0, 0, 0, 0, 33, 0, 0, 0, 0, 0, 0, 0, 0, 0, 0, 4, 8, 45
"c:\MAIN FLUTTER\stockall\lib\classes\temp_product_class\unsynced\updated\updated_products.dart", "Dart", 0, 0, 0, 0, 0, 9, 0, 0, 0, 0, 0, 0, 0, 0, 0, 0, 0, 3, 12
"c:\MAIN FLUTTER\stockall\lib\classes\temp_product_class\unsynced\updated\updated_products.g.dart", "Dart", 0, 0, 0, 0, 0, 30, 0, 0, 0, 0, 0, 0, 0, 0, 0, 0, 4, 8, 42
"c:\MAIN FLUTTER\stockall\lib\classes\temp_product_slaes_record\temp_product_sale_record.dart", "Dart", 0, 0, 0, 0, 0, 213, 0, 0, 0, 0, 0, 0, 0, 0, 0, 0, 0, 33, 246
"c:\MAIN FLUTTER\stockall\lib\classes\temp_product_slaes_record\temp_product_sale_record.g.dart", "Dart", 0, 0, 0, 0, 0, 108, 0, 0, 0, 0, 0, 0, 0, 0, 0, 0, 4, 8, 120
"c:\MAIN FLUTTER\stockall\lib\classes\temp_product_slaes_record\unsynced\created_records\created_records.dart", "Dart", 0, 0, 0, 0, 0, 9, 0, 0, 0, 0, 0, 0, 0, 0, 0, 0, 0, 3, 12
"c:\MAIN FLUTTER\stockall\lib\classes\temp_product_slaes_record\unsynced\created_records\created_records.g.dart", "Dart", 0, 0, 0, 0, 0, 30, 0, 0, 0, 0, 0, 0, 0, 0, 0, 0, 4, 8, 42
"c:\MAIN FLUTTER\stockall\lib\classes\temp_referral_class.dart", "Dart", 0, 0, 0, 0, 0, 0, 0, 0, 0, 0, 0, 0, 0, 0, 0, 0, 63, 4, 67
"c:\MAIN FLUTTER\stockall\lib\classes\temp_shop\temp_shop_class.dart", "Dart", 0, 0, 0, 0, 0, 245, 0, 0, 0, 0, 0, 0, 0, 0, 0, 0, 16, 51, 312
"c:\MAIN FLUTTER\stockall\lib\classes\temp_shop\temp_shop_class.g.dart", "Dart", 0, 0, 0, 0, 0, 159, 0, 0, 0, 0, 0, 0, 0, 0, 0, 0, 4, 8, 171
"c:\MAIN FLUTTER\stockall\lib\classes\temp_shop\unsynced\updated_shop.dart", "Dart", 0, 0, 0, 0, 0, 9, 0, 0, 0, 0, 0, 0, 0, 0, 0, 0, 0, 3, 12
"c:\MAIN FLUTTER\stockall\lib\classes\temp_shop\unsynced\updated_shop.g.dart", "Dart", 0, 0, 0, 0, 0, 30, 0, 0, 0, 0, 0, 0, 0, 0, 0, 0, 4, 8, 42
"c:\MAIN FLUTTER\stockall\lib\classes\temp_shop_logos\temp_shop_logos.dart", "Dart", 0, 0, 0, 0, 0, 19, 0, 0, 0, 0, 0, 0, 0, 0, 0, 0, 0, 7, 26
"c:\MAIN FLUTTER\stockall\lib\classes\temp_shop_logos\temp_shop_logos.g.dart", "Dart", 0, 0, 0, 0, 0, 39, 0, 0, 0, 0, 0, 0, 0, 0, 0, 0, 4, 8, 51
"c:\MAIN FLUTTER\stockall\lib\classes\temp_shop_owner\shop_owner.dart", "Dart", 0, 0, 0, 0, 0, 9, 0, 0, 0, 0, 0, 0, 0, 0, 0, 0, 0, 3, 12
"c:\MAIN FLUTTER\stockall\lib\classes\temp_shop_owner\shop_owner.g.dart", "Dart", 0, 0, 0, 0, 0, 30, 0, 0, 0, 0, 0, 0, 0, 0, 0, 0, 4, 8, 42
"c:\MAIN FLUTTER\stockall\lib\classes\temp_sub_payment\temp_sub_payment_class.dart", "Dart", 0, 0, 0, 0, 0, 43, 0, 0, 0, 0, 0, 0, 0, 0, 0, 0, 2, 4, 49
"c:\MAIN FLUTTER\stockall\lib\classes\user_and_shop_data\user_and_shop_data.dart", "Dart", 0, 0, 0, 0, 0, 7, 0, 0, 0, 0, 0, 0, 0, 0, 0, 0, 0, 3, 10
"c:\MAIN FLUTTER\stockall\lib\classes\user_class\temp_user_class.dart", "Dart", 0, 0, 0, 0, 0, 92, 0, 0, 0, 0, 0, 0, 0, 0, 0, 0, 0, 20, 112
"c:\MAIN FLUTTER\stockall\lib\classes\user_class\temp_user_class.g.dart", "Dart", 0, 0, 0, 0, 0, 66, 0, 0, 0, 0, 0, 0, 0, 0, 0, 0, 4, 8, 78
"c:\MAIN FLUTTER\stockall\lib\components\alert_dialogues\confirmation_alert.dart", "Dart", 0, 0, 0, 0, 0, 206, 0, 0, 0, 0, 0, 0, 0, 0, 0, 0, 1, 6, 213
"c:\MAIN FLUTTER\stockall\lib\components\alert_dialogues\dialog_template.dart", "Dart", 0, 0, 0, 0, 0, 202, 0, 0, 0, 0, 0, 0, 0, 0, 0, 0, 1, 5, 208
"c:\MAIN FLUTTER\stockall\lib\components\alert_dialogues\info_alert.dart", "Dart", 0, 0, 0, 0, 0, 165, 0, 0, 0, 0, 0, 0, 0, 0, 0, 0, 0, 5, 170
"c:\MAIN FLUTTER\stockall\lib\components\bar_chart\daily_bar_chart.dart", "Dart", 0, 0, 0, 0, 0, 120, 0, 0, 0, 0, 0, 0, 0, 0, 0, 0, 2, 13, 135
"c:\MAIN FLUTTER\stockall\lib\components\bar_chart\horizontal_stroke.dart", "Dart", 0, 0, 0, 0, 0, 59, 0, 0, 0, 0, 0, 0, 0, 0, 0, 0, 0, 4, 63
"c:\MAIN FLUTTER\stockall\lib\components\bar_chart\vertical_stroke.dart", "Dart", 0, 0, 0, 0, 0, 60, 0, 0, 0, 0, 0, 0, 0, 0, 0, 0, 1, 3, 64
"c:\MAIN FLUTTER\stockall\lib\components\barcode_scanner.dart", "Dart", 0, 0, 0, 0, 0, 258, 0, 0, 0, 0, 0, 0, 0, 0, 0, 0, 43, 27, 328
"c:\MAIN FLUTTER\stockall\lib\components\buttons\floating_action_butto.dart", "Dart", 0, 0, 0, 0, 0, 79, 0, 0, 0, 0, 0, 0, 0, 0, 0, 0, 0, 4, 83
"c:\MAIN FLUTTER\stockall\lib\components\buttons\main_button_p.dart", "Dart", 0, 0, 0, 0, 0, 57, 0, 0, 0, 0, 0, 0, 0, 0, 0, 0, 0, 5, 62
"c:\MAIN FLUTTER\stockall\lib\components\buttons\main_button_transparent.dart", "Dart", 0, 0, 0, 0, 0, 72, 0, 0, 0, 0, 0, 0, 0, 0, 0, 0, 0, 5, 77
"c:\MAIN FLUTTER\stockall\lib\components\buttons\payment_type_button.dart", "Dart", 0, 0, 0, 0, 0, 131, 0, 0, 0, 0, 0, 0, 0, 0, 0, 0, 0, 3, 134
"c:\MAIN FLUTTER\stockall\lib\components\buttons\small_button_main.dart", "Dart", 0, 0, 0, 0, 0, 55, 0, 0, 0, 0, 0, 0, 0, 0, 0, 0, 1, 5, 61
"c:\MAIN FLUTTER\stockall\lib\components\buttons\toggle_total_price.dart", "Dart", 0, 0, 0, 0, 0, 118, 0, 0, 0, 0, 0, 0, 0, 0, 0, 0, 0, 4, 122
"c:\MAIN FLUTTER\stockall\lib\components\calendar\calendar_widget.dart", "Dart", 0, 0, 0, 0, 0, 398, 0, 0, 0, 0, 0, 0, 0, 0, 0, 0, 1, 18, 417
"c:\MAIN FLUTTER\stockall\lib\components\cart_queue\cart_queue_desktop.dart", "Dart", 0, 0, 0, 0, 0, 178, 0, 0, 0, 0, 0, 0, 0, 0, 0, 0, 4, 5, 187
"c:\MAIN FLUTTER\stockall\lib\components\cart_queue\cart_queue_mobile.dart", "Dart", 0, 0, 0, 0, 0, 279, 0, 0, 0, 0, 0, 0, 0, 0, 0, 0, 12, 4, 295
"c:\MAIN FLUTTER\stockall\lib\components\discount_setter.dart\discount_setter_widget.dart", "Dart", 0, 0, 0, 0, 0, 1533, 0, 0, 0, 0, 0, 0, 0, 0, 0, 0, 6, 17, 1556
"c:\MAIN FLUTTER\stockall\lib\components\list_tiles\main_invoice_tile.dart", "Dart", 0, 0, 0, 0, 0, 554, 0, 0, 0, 0, 0, 0, 0, 0, 0, 0, 0, 29, 583
"c:\MAIN FLUTTER\stockall\lib\components\list_tiles\main_receipt_tile.dart", "Dart", 0, 0, 0, 0, 0, 559, 0, 0, 0, 0, 0, 0, 0, 0, 0, 0, 70, 33, 662
"c:\MAIN FLUTTER\stockall\lib\components\major\desktop_center_container.dart", "Dart", 0, 0, 0, 0, 0, 68, 0, 0, 0, 0, 0, 0, 0, 0, 0, 0, 0, 3, 71
"c:\MAIN FLUTTER\stockall\lib\components\major\desktop_page_container.dart", "Dart", 0, 0, 0, 0, 0, 26, 0, 0, 0, 0, 0, 0, 0, 0, 0, 0, 0, 3, 29
"c:\MAIN FLUTTER\stockall\lib\components\major\drawer_widget\my_drawer_widget.dart", "Dart", 0, 0, 0, 0, 0, 40, 0, 0, 0, 0, 0, 0, 0, 0, 0, 0, 0, 3, 43
"c:\MAIN FLUTTER\stockall\lib\components\major\drawer_widget\platforms\my_drawer_widget_desktop.dart", "Dart", 0, 0, 0, 0, 0, 967, 0, 0, 0, 0, 0, 0, 0, 0, 0, 0, 93, 15, 1075
"c:\MAIN FLUTTER\stockall\lib\components\major\drawer_widget\platforms\my_drawer_widget_mobile.dart", "Dart", 0, 0, 0, 0, 0, 624, 0, 0, 0, 0, 0, 0, 0, 0, 0, 0, 229, 12, 865
"c:\MAIN FLUTTER\stockall\lib\components\major\drawer_widget\platforms\my_drawer_widget_tablet.dart", "Dart", 0, 0, 0, 0, 0, 767, 0, 0, 0, 0, 0, 0, 0, 0, 0, 0, 127, 8, 902
"c:\MAIN FLUTTER\stockall\lib\components\major\empty_widget_display.dart", "Dart", 0, 0, 0, 0, 0, 190, 0, 0, 0, 0, 0, 0, 0, 0, 0, 0, 0, 5, 195
"c:\MAIN FLUTTER\stockall\lib\components\major\empty_widget_display_only.dart", "Dart", 0, 0, 0, 0, 0, 130, 0, 0, 0, 0, 0, 0, 0, 0, 0, 0, 0, 5, 135
"c:\MAIN FLUTTER\stockall\lib\components\major\items_summary.dart", "Dart", 0, 0, 0, 0, 0, 542, 0, 0, 0, 0, 0, 0, 0, 0, 0, 0, 4, 8, 554
"c:\MAIN FLUTTER\stockall\lib\components\major\right_side_bar.dart", "Dart", 0, 0, 0, 0, 0, 583, 0, 0, 0, 0, 0, 0, 0, 0, 0, 0, 11, 4, 598
"c:\MAIN FLUTTER\stockall\lib\components\major\top_banner.dart", "Dart", 0, 0, 0, 0, 0, 233, 0, 0, 0, 0, 0, 0, 0, 0, 0, 0, 2, 3, 238
"c:\MAIN FLUTTER\stockall\lib\components\major\top_banner_two.dart", "Dart", 0, 0, 0, 0, 0, 124, 0, 0, 0, 0, 0, 0, 0, 0, 0, 0, 1, 3, 128
"c:\MAIN FLUTTER\stockall\lib\components\major\unsupported_platform.dart", "Dart", 0, 0, 0, 0, 0, 90, 0, 0, 0, 0, 0, 0, 0, 0, 0, 0, 0, 3, 93
"c:\MAIN FLUTTER\stockall\lib\components\my_calculator.dart", "Dart", 0, 0, 0, 0, 0, 624, 0, 0, 0, 0, 0, 0, 0, 0, 0, 0, 0, 18, 642
"c:\MAIN FLUTTER\stockall\lib\components\my_calculator_desktop.dart", "Dart", 0, 0, 0, 0, 0, 624, 0, 0, 0, 0, 0, 0, 0, 0, 0, 0, 0, 18, 642
"c:\MAIN FLUTTER\stockall\lib\components\progress_bar.dart", "Dart", 0, 0, 0, 0, 0, 111, 0, 0, 0, 0, 0, 0, 0, 0, 0, 0, 0, 4, 115
"c:\MAIN FLUTTER\stockall\lib\components\text_fields\barcode_scanner.dart", "Dart", 0, 0, 0, 0, 0, 98, 0, 0, 0, 0, 0, 0, 0, 0, 0, 0, 0, 5, 103
"c:\MAIN FLUTTER\stockall\lib\components\text_fields\edit_cart_text_field.dart", "Dart", 0, 0, 0, 0, 0, 113, 0, 0, 0, 0, 0, 0, 0, 0, 0, 0, 0, 7, 120
"c:\MAIN FLUTTER\stockall\lib\components\text_fields\general_textfield.dart", "Dart", 0, 0, 0, 0, 0, 125, 0, 0, 0, 0, 0, 0, 0, 0, 0, 0, 0, 6, 131
"c:\MAIN FLUTTER\stockall\lib\components\text_fields\general_textfield_only.dart", "Dart", 0, 0, 0, 0, 0, 101, 0, 0, 0, 0, 0, 0, 0, 0, 0, 0, 0, 5, 106
"c:\MAIN FLUTTER\stockall\lib\components\text_fields\main_dropdown.dart", "Dart", 0, 0, 0, 0, 0, 83, 0, 0, 0, 0, 0, 0, 0, 0, 0, 0, 0, 4, 87
"c:\MAIN FLUTTER\stockall\lib\components\text_fields\main_dropdown_only.dart", "Dart", 0, 0, 0, 0, 0, 77, 0, 0, 0, 0, 0, 0, 0, 0, 0, 0, 0, 4, 81
"c:\MAIN FLUTTER\stockall\lib\components\text_fields\money_textfield.dart", "Dart", 0, 0, 0, 0, 0, 159, 0, 0, 0, 0, 0, 0, 0, 0, 0, 0, 2, 15, 176
"c:\MAIN FLUTTER\stockall\lib\components\text_fields\number_textfield.dart", "Dart", 0, 0, 0, 0, 0, 139, 0, 0, 0, 0, 0, 0, 0, 0, 0, 0, 2, 16, 157
"c:\MAIN FLUTTER\stockall\lib\components\text_fields\phone_number_text_field.dart", "Dart", 0, 0, 0, 0, 0, 124, 0, 0, 0, 0, 0, 0, 0, 0, 0, 0, 0, 5, 129
"c:\MAIN FLUTTER\stockall\lib\components\text_fields\pin_code.dart", "Dart", 0, 0, 0, 0, 0, 100, 0, 0, 0, 0, 0, 0, 0, 0, 0, 0, 5, 6, 111
"c:\MAIN FLUTTER\stockall\lib\components\text_fields\text_field_barcode.dart", "Dart", 0, 0, 0, 0, 0, 189, 0, 0, 0, 0, 0, 0, 0, 0, 0, 0, 0, 8, 197
"c:\MAIN FLUTTER\stockall\lib\components\toggle_button\my_toggle_button.dart", "Dart", 0, 0, 0, 0, 0, 66, 0, 0, 0, 0, 0, 0, 0, 0, 0, 0, 0, 4, 70
"c:\MAIN FLUTTER\stockall\lib\constants\app_bar.dart", "Dart", 0, 0, 0, 0, 0, 81, 0, 0, 0, 0, 0, 0, 0, 0, 0, 0, 0, 2, 83
"c:\MAIN FLUTTER\stockall\lib\constants\bottom_sheet_widgets.dart", "Dart", 0, 0, 0, 0, 0, 3164, 0, 0, 0, 0, 0, 0, 0, 0, 0, 0, 56, 45, 3265
"c:\MAIN FLUTTER\stockall\lib\constants\calculations.dart", "Dart", 0, 0, 0, 0, 0, 185, 0, 0, 0, 0, 0, 0, 0, 0, 0, 0, 20, 30, 235
"c:\MAIN FLUTTER\stockall\lib\constants\constants_main.dart", "Dart", 0, 0, 0, 0, 0, 93, 0, 0, 0, 0, 0, 0, 0, 0, 0, 0, 18, 51, 162
"c:\MAIN FLUTTER\stockall\lib\constants\functions.dart", "Dart", 0, 0, 0, 0, 0, 4233, 0, 0, 0, 0, 0, 0, 0, 0, 0, 0, 164, 131, 4528
"c:\MAIN FLUTTER\stockall\lib\constants\generate_barcode.dart", "Dart", 0, 0, 0, 0, 0, 842, 0, 0, 0, 0, 0, 0, 0, 0, 0, 0, 27, 44, 913
"c:\MAIN FLUTTER\stockall\lib\constants\invoice_print_and_download.dart", "Dart", 0, 0, 0, 0, 0, 1980, 0, 0, 0, 0, 0, 0, 0, 0, 0, 0, 69, 53, 2102
"c:\MAIN FLUTTER\stockall\lib\constants\play_sounds.dart", "Dart", 0, 0, 0, 0, 0, 8, 0, 0, 0, 0, 0, 0, 0, 0, 0, 0, 1, 3, 12
"c:\MAIN FLUTTER\stockall\lib\constants\refresh_functions.dart", "Dart", 0, 0, 0, 0, 0, 487, 0, 0, 0, 0, 0, 0, 0, 0, 0, 0, 94, 53, 634
"c:\MAIN FLUTTER\stockall\lib\constants\scan_barcode.dart", "Dart", 0, 0, 0, 0, 0, 19, 0, 0, 0, 0, 0, 0, 0, 0, 0, 0, 63, 7, 89
"c:\MAIN FLUTTER\stockall\lib\constants\subscription\calculator_auth.dart", "Dart", 0, 0, 0, 0, 0, 39, 0, 0, 0, 0, 0, 0, 0, 0, 0, 0, 0, 4, 43
"c:\MAIN FLUTTER\stockall\lib\constants\subscription\employee_auth.dart", "Dart", 0, 0, 0, 0, 0, 79, 0, 0, 0, 0, 0, 0, 0, 0, 0, 0, 0, 5, 84
"c:\MAIN FLUTTER\stockall\lib\constants\subscription\expenses_auth.dart", "Dart", 0, 0, 0, 0, 0, 86, 0, 0, 0, 0, 0, 0, 0, 0, 0, 0, 2, 6, 94
"c:\MAIN FLUTTER\stockall\lib\constants\subscription\general_settings_auth.dart", "Dart", 0, 0, 0, 0, 0, 137, 0, 0, 0, 0, 0, 0, 0, 0, 0, 0, 0, 7, 144
"c:\MAIN FLUTTER\stockall\lib\constants\subscription\items_auth.dart", "Dart", 0, 0, 0, 0, 0, 248, 0, 0, 0, 0, 0, 0, 0, 0, 0, 0, 0, 10, 258
"c:\MAIN FLUTTER\stockall\lib\constants\subscription\multiple_stores_auth.dart", "Dart", 0, 0, 0, 0, 0, 76, 0, 0, 0, 0, 0, 0, 0, 0, 0, 0, 0, 5, 81
"c:\MAIN FLUTTER\stockall\lib\constants\subscription\plan_pricing_class.dart", "Dart", 0, 0, 0, 0, 0, 45, 0, 0, 0, 0, 0, 0, 0, 0, 0, 0, 0, 5, 50
"c:\MAIN FLUTTER\stockall\lib\constants\subscription\report_auth.dart", "Dart", 0, 0, 0, 0, 0, 393, 0, 0, 0, 0, 0, 0, 0, 0, 0, 0, 0, 15, 408
"c:\MAIN FLUTTER\stockall\lib\constants\subscription\sales_auth.dart", "Dart", 0, 0, 0, 0, 0, 411, 0, 0, 0, 0, 0, 0, 0, 0, 0, 0, 4, 15, 430
"c:\MAIN FLUTTER\stockall\lib\constants\subscription\subscription_func.dart", "Dart", 0, 0, 0, 0, 0, 371, 0, 0, 0, 0, 0, 0, 0, 0, 0, 0, 13, 9, 393
"c:\MAIN FLUTTER\stockall\lib\helpers\clean_up_url\clean_up_url.dart", "Dart", 0, 0, 0, 0, 0, 2, 0, 0, 0, 0, 0, 0, 0, 0, 0, 0, 1, 1, 4
"c:\MAIN FLUTTER\stockall\lib\helpers\clean_up_url\clean_up_url_stub.dart", "Dart", 0, 0, 0, 0, 0, 6, 0, 0, 0, 0, 0, 0, 0, 0, 0, 0, 2, 3, 11
"c:\MAIN FLUTTER\stockall\lib\helpers\clean_up_url\clean_up_url_web.dart", "Dart", 0, 0, 0, 0, 0, 8, 0, 0, 0, 0, 0, 0, 0, 0, 0, 0, 8, 5, 21
"c:\MAIN FLUTTER\stockall\lib\local_database\app_version\app_version_func.dart", "Dart", 0, 0, 0, 0, 0, 36, 0, 0, 0, 0, 0, 0, 0, 0, 0, 0, 1, 6, 43
"c:\MAIN FLUTTER\stockall\lib\local_database\barcode_printer_func\barcode_printer_local_func.dart", "Dart", 0, 0, 0, 0, 0, 49, 0, 0, 0, 0, 0, 0, 0, 0, 0, 0, 0, 6, 55
"c:\MAIN FLUTTER\stockall\lib\local_database\customers\customer_func.dart", "Dart", 0, 0, 0, 0, 0, 98, 0, 0, 0, 0, 0, 0, 0, 0, 0, 0, 0, 10, 108
"c:\MAIN FLUTTER\stockall\lib\local_database\customers\unsync_funcs\created\created_customers_func.dart", "Dart", 0, 0, 0, 0, 0, 127, 0, 0, 0, 0, 0, 0, 0, 0, 0, 0, 4, 12, 143
"c:\MAIN FLUTTER\stockall\lib\local_database\customers\unsync_funcs\deleted\deleted_customers_func.dart", "Dart", 0, 0, 0, 0, 0, 84, 0, 0, 0, 0, 0, 0, 0, 0, 0, 0, 4, 10, 98
"c:\MAIN FLUTTER\stockall\lib\local_database\customers\unsync_funcs\updated\updated_customers_func.dart", "Dart", 0, 0, 0, 0, 0, 87, 0, 0, 0, 0, 0, 0, 0, 0, 0, 0, 4, 10, 101
"c:\MAIN FLUTTER\stockall\lib\local_database\department_func\departments_func.dart", "Dart", 0, 0, 0, 0, 0, 97, 0, 0, 0, 0, 0, 0, 0, 0, 0, 0, 0, 9, 106
"c:\MAIN FLUTTER\stockall\lib\local_database\department_func\unsync_funcs\created_departments\created_departments_func.dart", "Dart", 0, 0, 0, 0, 0, 126, 0, 0, 0, 0, 0, 0, 0, 0, 0, 0, 4, 12, 142
"c:\MAIN FLUTTER\stockall\lib\local_database\department_func\unsync_funcs\deleted_department\deleted_departments_func.dart", "Dart", 0, 0, 0, 0, 0, 88, 0, 0, 0, 0, 0, 0, 0, 0, 0, 0, 4, 10, 102
"c:\MAIN FLUTTER\stockall\lib\local_database\department_func\unsync_funcs\updated_department\updated_department_func.dart", "Dart", 0, 0, 0, 0, 0, 93, 0, 0, 0, 0, 0, 0, 0, 0, 0, 0, 4, 10, 107
"c:\MAIN FLUTTER\stockall\lib\local_database\events_log\events_log_func.dart", "Dart", 0, 0, 0, 0, 0, 73, 0, 0, 0, 0, 0, 0, 0, 0, 0, 0, 0, 8, 81
"c:\MAIN FLUTTER\stockall\lib\local_database\events_log\unsync_funcs\created_events_log_func.dart", "Dart", 0, 0, 0, 0, 0, 95, 0, 0, 0, 0, 0, 0, 0, 0, 0, 0, 1, 10, 106
"c:\MAIN FLUTTER\stockall\lib\local_database\expenses\expenses_func.dart", "Dart", 0, 0, 0, 0, 0, 97, 0, 0, 0, 0, 0, 0, 0, 0, 0, 0, 0, 9, 106
"c:\MAIN FLUTTER\stockall\lib\local_database\expenses\unsync_funcs\created_expenses\created_expenses_func.dart", "Dart", 0, 0, 0, 0, 0, 122, 0, 0, 0, 0, 0, 0, 0, 0, 0, 0, 4, 12, 138
"c:\MAIN FLUTTER\stockall\lib\local_database\expenses\unsync_funcs\deleted_expenses\deleted_expenses_func.dart", "Dart", 0, 0, 0, 0, 0, 84, 0, 0, 0, 0, 0, 0, 0, 0, 0, 0, 4, 10, 98
"c:\MAIN FLUTTER\stockall\lib\local_database\expenses\unsync_funcs\updated_expenses\updated_expenses_func.dart", "Dart", 0, 0, 0, 0, 0, 87, 0, 0, 0, 0, 0, 0, 0, 0, 0, 0, 4, 10, 101
"c:\MAIN FLUTTER\stockall\lib\local_database\invoices\invoices_func.dart", "Dart", 0, 0, 0, 0, 0, 88, 0, 0, 0, 0, 0, 0, 0, 0, 0, 0, 21, 12, 121
"c:\MAIN FLUTTER\stockall\lib\local_database\invoices\unsync_funcs\created\created_invoices_func.dart", "Dart", 0, 0, 0, 0, 0, 129, 0, 0, 0, 0, 0, 0, 0, 0, 0, 0, 4, 12, 145
"c:\MAIN FLUTTER\stockall\lib\local_database\invoices\unsync_funcs\deleted\deleted_invoices_func.dart", "Dart", 0, 0, 0, 0, 0, 94, 0, 0, 0, 0, 0, 0, 0, 0, 0, 0, 4, 11, 109
"c:\MAIN FLUTTER\stockall\lib\local_database\invoices\unsync_funcs\updated\updated_invoices_func.dart", "Dart", 0, 0, 0, 0, 0, 115, 0, 0, 0, 0, 0, 0, 0, 0, 0, 0, 4, 11, 130
"c:\MAIN FLUTTER\stockall\lib\local_database\logged_in_user\logged_in_user_func.dart", "Dart", 0, 0, 0, 0, 0, 51, 0, 0, 0, 0, 0, 0, 0, 0, 0, 0, 18, 8, 77
"c:\MAIN FLUTTER\stockall\lib\local_database\main_database.dart", "Dart", 0, 0, 0, 0, 0, 65, 0, 0, 0, 0, 0, 0, 0, 0, 0, 0, 0, 5, 70
"c:\MAIN FLUTTER\stockall\lib\local_database\main_receipt\main_receipt_func.dart", "Dart", 0, 0, 0, 0, 0, 96, 0, 0, 0, 0, 0, 0, 0, 0, 0, 0, 1, 11, 108
"c:\MAIN FLUTTER\stockall\lib\local_database\main_receipt\unsync_funcs\created\created_receipts_func.dart", "Dart", 0, 0, 0, 0, 0, 112, 0, 0, 0, 0, 0, 0, 0, 0, 0, 0, 4, 11, 127
"c:\MAIN FLUTTER\stockall\lib\local_database\main_receipt\unsync_funcs\deleted\deleted_receipts_func.dart", "Dart", 0, 0, 0, 0, 0, 94, 0, 0, 0, 0, 0, 0, 0, 0, 0, 0, 4, 11, 109
"c:\MAIN FLUTTER\stockall\lib\local_database\main_receipt\unsync_funcs\updated\updated_receipts_func.dart", "Dart", 0, 0, 0, 0, 0, 83, 0, 0, 0, 0, 0, 0, 0, 0, 0, 0, 4, 10, 97
"c:\MAIN FLUTTER\stockall\lib\local_database\notification\notification_func.dart", "Dart", 0, 0, 0, 0, 0, 51, 0, 0, 0, 0, 0, 0, 0, 0, 0, 0, 0, 6, 57
"c:\MAIN FLUTTER\stockall\lib\local_database\product_record_func.dart\product_record_func.dart", "Dart", 0, 0, 0, 0, 0, 250, 0, 0, 0, 0, 0, 0, 0, 0, 0, 0, 6, 13, 269
"c:\MAIN FLUTTER\stockall\lib\local_database\product_record_func.dart\unsync_funcs\created\created_records_func.dart", "Dart", 0, 0, 0, 0, 0, 107, 0, 0, 0, 0, 0, 0, 0, 0, 0, 0, 4, 11, 122
"c:\MAIN FLUTTER\stockall\lib\local_database\product_suggestion\product_suggestion_func.dart", "Dart", 0, 0, 0, 0, 0, 0, 0, 0, 0, 0, 0, 0, 0, 0, 0, 0, 98, 9, 107
"c:\MAIN FLUTTER\stockall\lib\local_database\products\products_func.dart", "Dart", 0, 0, 0, 0, 0, 217, 0, 0, 0, 0, 0, 0, 0, 0, 0, 0, 12, 18, 247
"c:\MAIN FLUTTER\stockall\lib\local_database\products\unsync_funcs\created_products copy\sales_product_func.dart", "Dart", 0, 0, 0, 0, 0, 120, 0, 0, 0, 0, 0, 0, 0, 0, 0, 0, 43, 14, 177
"c:\MAIN FLUTTER\stockall\lib\local_database\products\unsync_funcs\created_products\created_product_func.dart", "Dart", 0, 0, 0, 0, 0, 123, 0, 0, 0, 0, 0, 0, 0, 0, 0, 0, 4, 12, 139
"c:\MAIN FLUTTER\stockall\lib\local_database\products\unsync_funcs\deleted_products\deleted_products_func.dart", "Dart", 0, 0, 0, 0, 0, 84, 0, 0, 0, 0, 0, 0, 0, 0, 0, 0, 4, 10, 98
"c:\MAIN FLUTTER\stockall\lib\local_database\products\unsync_funcs\updated_products\updated_products_func.dart", "Dart", 0, 0, 0, 0, 0, 109, 0, 0, 0, 0, 0, 0, 0, 0, 0, 0, 4, 11, 124
"c:\MAIN FLUTTER\stockall\lib\local_database\shop\shop_func.dart", "Dart", 0, 0, 0, 0, 0, 112, 0, 0, 0, 0, 0, 0, 0, 0, 0, 0, 2, 9, 123
"c:\MAIN FLUTTER\stockall\lib\local_database\shop\updated_shop\updated_shop_func.dart", "Dart", 0, 0, 0, 0, 0, 80, 0, 0, 0, 0, 0, 0, 0, 0, 0, 0, 22, 11, 113
"c:\MAIN FLUTTER\stockall\lib\local_database\shop_current\current_shop_func.dart", "Dart", 0, 0, 0, 0, 0, 71, 0, 0, 0, 0, 0, 0, 0, 0, 0, 0, 0, 10, 81
"c:\MAIN FLUTTER\stockall\lib\local_database\shop_logos\created_shop_logo\created_shop_logos_func.dart", "Dart", 0, 0, 0, 0, 0, 77, 0, 0, 0, 0, 0, 0, 0, 0, 0, 0, 2, 9, 88
"c:\MAIN FLUTTER\stockall\lib\local_database\shop_logos\shop_logos_func.dart", "Dart", 0, 0, 0, 0, 0, 57, 0, 0, 0, 0, 0, 0, 0, 0, 0, 0, 1, 7, 65
"c:\MAIN FLUTTER\stockall\lib\local_database\shop_owner\shop_owner_func.dart", "Dart", 0, 0, 0, 0, 0, 45, 0, 0, 0, 0, 0, 0, 0, 0, 0, 0, 18, 8, 71
"c:\MAIN FLUTTER\stockall\lib\local_database\subscription\subscription_func.dart", "Dart", 0, 0, 0, 0, 0, 55, 0, 0, 0, 0, 0, 0, 0, 0, 0, 0, 0, 7, 62
"c:\MAIN FLUTTER\stockall\lib\local_database\users\user_func.dart", "Dart", 0, 0, 0, 0, 0, 112, 0, 0, 0, 0, 0, 0, 0, 0, 0, 0, 1, 10, 123
"c:\MAIN FLUTTER\stockall\lib\local_database\visibility_box\visibility_box.dart", "Dart", 0, 0, 0, 0, 0, 37, 0, 0, 0, 0, 0, 0, 0, 0, 0, 0, 3, 12, 52
"c:\MAIN FLUTTER\stockall\lib\main.dart", "Dart", 0, 0, 0, 0, 0, 517, 0, 0, 0, 0, 0, 0, 0, 0, 0, 0, 8, 46, 571
"c:\MAIN FLUTTER\stockall\lib\pages\alt_display\alt_display.dart", "Dart", 0, 0, 0, 0, 0, 839, 0, 0, 0, 0, 0, 0, 0, 0, 0, 0, 19, 33, 891
"c:\MAIN FLUTTER\stockall\lib\pages\authentication\auth_landing\auth_landing.dart", "Dart", 0, 0, 0, 0, 0, 35, 0, 0, 0, 0, 0, 0, 0, 0, 0, 0, 0, 4, 39
"c:\MAIN FLUTTER\stockall\lib\pages\authentication\auth_landing\platforms\auth_landing_desktop.dart", "Dart", 0, 0, 0, 0, 0, 170, 0, 0, 0, 0, 0, 0, 0, 0, 0, 0, 0, 3, 173
"c:\MAIN FLUTTER\stockall\lib\pages\authentication\auth_landing\platforms\auth_landing_mobile.dart", "Dart", 0, 0, 0, 0, 0, 201, 0, 0, 0, 0, 0, 0, 0, 0, 0, 0, 0, 4, 205
"c:\MAIN FLUTTER\stockall\lib\pages\authentication\auth_landing\platforms\auth_landing_tablet.dart", "Dart", 0, 0, 0, 0, 0, 202, 0, 0, 0, 0, 0, 0, 0, 0, 0, 0, 0, 3, 205
"c:\MAIN FLUTTER\stockall\lib\pages\authentication\auth_screens\auth_screens_page.dart", "Dart", 0, 0, 0, 0, 0, 15, 0, 0, 0, 0, 0, 0, 0, 0, 0, 0, 0, 3, 18
"c:\MAIN FLUTTER\stockall\lib\pages\authentication\base_page\base_page.dart", "Dart", 0, 0, 0, 0, 0, 68, 0, 0, 0, 0, 0, 0, 0, 0, 0, 0, 0, 8, 76
"c:\MAIN FLUTTER\stockall\lib\pages\authentication\components\check_agree.dart", "Dart", 0, 0, 0, 0, 0, 75, 0, 0, 0, 0, 0, 0, 0, 0, 0, 0, 0, 3, 78
"c:\MAIN FLUTTER\stockall\lib\pages\authentication\components\email_text_field.dart", "Dart", 0, 0, 0, 0, 0, 142, 0, 0, 0, 0, 0, 0, 0, 0, 0, 0, 0, 4, 146
"c:\MAIN FLUTTER\stockall\lib\pages\authentication\forgot_password_page\enter_new_password\enter_new_password.dart", "Dart", 0, 0, 0, 0, 0, 45, 0, 0, 0, 0, 0, 0, 0, 0, 0, 0, 0, 6, 51
"c:\MAIN FLUTTER\stockall\lib\pages\authentication\forgot_password_page\enter_new_password\platforms\enter_new_password_desktop.dart", "Dart", 0, 0, 0, 0, 0, 484, 0, 0, 0, 0, 0, 0, 0, 0, 0, 0, 1, 18, 503
"c:\MAIN FLUTTER\stockall\lib\pages\authentication\forgot_password_page\enter_new_password\platforms\enter_new_password_mobile.dart", "Dart", 0, 0, 0, 0, 0, 352, 0, 0, 0, 0, 0, 0, 0, 0, 0, 0, 0, 18, 370
"c:\MAIN FLUTTER\stockall\lib\pages\authentication\forgot_password_page\forgot_password_page.dart", "Dart", 0, 0, 0, 0, 0, 39, 0, 0, 0, 0, 0, 0, 0, 0, 0, 0, 1, 4, 44
"c:\MAIN FLUTTER\stockall\lib\pages\authentication\forgot_password_page\platforms\forgot_password_desktop.dart", "Dart", 0, 0, 0, 0, 0, 272, 0, 0, 0, 0, 0, 0, 0, 0, 0, 0, 0, 7, 279
"c:\MAIN FLUTTER\stockall\lib\pages\authentication\forgot_password_page\platforms\forgot_password_mobile.dart", "Dart", 0, 0, 0, 0, 0, 169, 0, 0, 0, 0, 0, 0, 0, 0, 0, 0, 2, 6, 177
"c:\MAIN FLUTTER\stockall\lib\pages\authentication\launch_screen\launch_screen.dart", "Dart", 0, 0, 0, 0, 0, 37, 0, 0, 0, 0, 0, 0, 0, 0, 0, 0, 0, 5, 42
"c:\MAIN FLUTTER\stockall\lib\pages\authentication\login\login_page.dart", "Dart", 0, 0, 0, 0, 0, 50, 0, 0, 0, 0, 0, 0, 0, 0, 0, 0, 0, 7, 57
"c:\MAIN FLUTTER\stockall\lib\pages\authentication\login\platforms\login_desktop.dart", "Dart", 0, 0, 0, 0, 0, 337, 0, 0, 0, 0, 0, 0, 0, 0, 0, 0, 1, 12, 350
"c:\MAIN FLUTTER\stockall\lib\pages\authentication\login\platforms\login_mobile.dart", "Dart", 0, 0, 0, 0, 0, 372, 0, 0, 0, 0, 0, 0, 0, 0, 0, 0, 10, 11, 393
"c:\MAIN FLUTTER\stockall\lib\pages\authentication\sign_up\code_sent\code_sent_page.dart", "Dart", 0, 0, 0, 0, 0, 119, 0, 0, 0, 0, 0, 0, 0, 0, 0, 0, 0, 5, 124
"c:\MAIN FLUTTER\stockall\lib\pages\authentication\sign_up\code_sent\platforms\code_sent_desktop.dart", "Dart", 0, 0, 0, 0, 0, 289, 0, 0, 0, 0, 0, 0, 0, 0, 0, 0, 0, 10, 299
"c:\MAIN FLUTTER\stockall\lib\pages\authentication\sign_up\code_sent\platforms\code_sent_mobile.dart", "Dart", 0, 0, 0, 0, 0, 242, 0, 0, 0, 0, 0, 0, 0, 0, 0, 0, 3, 10, 255
"c:\MAIN FLUTTER\stockall\lib\pages\authentication\sign_up\enter_otp\enter_otp.dart", "Dart", 0, 0, 0, 0, 0, 0, 0, 0, 0, 0, 0, 0, 0, 0, 0, 0, 32, 3, 35
"c:\MAIN FLUTTER\stockall\lib\pages\authentication\sign_up\enter_otp\platforms\enter_otp_desktop.dart", "Dart", 0, 0, 0, 0, 0, 0, 0, 0, 0, 0, 0, 0, 0, 0, 0, 0, 304, 4, 308
"c:\MAIN FLUTTER\stockall\lib\pages\authentication\sign_up\enter_otp\platforms\enter_otp_mobile.dart", "Dart", 0, 0, 0, 0, 0, 0, 0, 0, 0, 0, 0, 0, 0, 0, 0, 0, 224, 4, 228
"c:\MAIN FLUTTER\stockall\lib\pages\authentication\sign_up\platforms\signup_desktop.dart", "Dart", 0, 0, 0, 0, 0, 437, 0, 0, 0, 0, 0, 0, 0, 0, 0, 0, 18, 10, 465
"c:\MAIN FLUTTER\stockall\lib\pages\authentication\sign_up\platforms\signup_mobile.dart", "Dart", 0, 0, 0, 0, 0, 475, 0, 0, 0, 0, 0, 0, 0, 0, 0, 0, 18, 10, 503
"c:\MAIN FLUTTER\stockall\lib\pages\authentication\sign_up\platforms\signup_two_desktop.dart", "Dart", 0, 0, 0, 0, 0, 0, 0, 0, 0, 0, 0, 0, 0, 0, 0, 0, 399, 5, 404
"c:\MAIN FLUTTER\stockall\lib\pages\authentication\sign_up\platforms\signup_two_mobile.dart", "Dart", 0, 0, 0, 0, 0, 0, 0, 0, 0, 0, 0, 0, 0, 0, 0, 0, 337, 5, 342
"c:\MAIN FLUTTER\stockall\lib\pages\authentication\sign_up\sign_up_page.dart", "Dart", 0, 0, 0, 0, 0, 98, 0, 0, 0, 0, 0, 0, 0, 0, 0, 0, 0, 7, 105
"c:\MAIN FLUTTER\stockall\lib\pages\authentication\sign_up\signup_two.dart", "Dart", 0, 0, 0, 0, 0, 0, 0, 0, 0, 0, 0, 0, 0, 0, 0, 0, 48, 6, 54
"c:\MAIN FLUTTER\stockall\lib\pages\authentication\sign_up\verify_email\platforms\verify_email_desktop.dart", "Dart", 0, 0, 0, 0, 0, 458, 0, 0, 0, 0, 0, 0, 0, 0, 0, 0, 4, 11, 473
"c:\MAIN FLUTTER\stockall\lib\pages\authentication\sign_up\verify_email\platforms\verify_email_mobile.dart", "Dart", 0, 0, 0, 0, 0, 409, 0, 0, 0, 0, 0, 0, 0, 0, 0, 0, 4, 10, 423
"c:\MAIN FLUTTER\stockall\lib\pages\authentication\sign_up\verify_email\verify_email_page.dart", "Dart", 0, 0, 0, 0, 0, 53, 0, 0, 0, 0, 0, 0, 0, 0, 0, 0, 0, 6, 59
"c:\MAIN FLUTTER\stockall\lib\pages\authentication\splash_screens\platforms\components\indicator.dart", "Dart", 0, 0, 0, 0, 0, 29, 0, 0, 0, 0, 0, 0, 0, 0, 0, 0, 0, 3, 32
"c:\MAIN FLUTTER\stockall\lib\pages\authentication\splash_screens\platforms\components\mobile_splash_widget.dart", "Dart", 0, 0, 0, 0, 0, 79, 0, 0, 0, 0, 0, 0, 0, 0, 0, 0, 0, 5, 84
"c:\MAIN FLUTTER\stockall\lib\pages\authentication\splash_screens\platforms\splash_desktop.dart", "Dart", 0, 0, 0, 0, 0, 252, 0, 0, 0, 0, 0, 0, 0, 0, 0, 0, 2, 8, 262
"c:\MAIN FLUTTER\stockall\lib\pages\authentication\splash_screens\platforms\splash_mobile.dart", "Dart", 0, 0, 0, 0, 0, 187, 0, 0, 0, 0, 0, 0, 0, 0, 0, 0, 1, 4, 192
"c:\MAIN FLUTTER\stockall\lib\pages\authentication\splash_screens\platforms\splash_widget.dart", "Dart", 0, 0, 0, 0, 0, 0, 0, 0, 0, 0, 0, 0, 0, 0, 0, 0, 0, 1, 1
"c:\MAIN FLUTTER\stockall\lib\pages\authentication\splash_screens\splash_screen.dart", "Dart", 0, 0, 0, 0, 0, 76, 0, 0, 0, 0, 0, 0, 0, 0, 0, 0, 0, 6, 82
"c:\MAIN FLUTTER\stockall\lib\pages\authentication\translations\auth_texts_en.dart", "Dart", 0, 0, 0, 0, 0, 53, 0, 0, 0, 0, 0, 0, 0, 0, 0, 0, 0, 14, 67
"c:\MAIN FLUTTER\stockall\lib\pages\authentication\translations\general.dart", "Dart", 0, 0, 0, 0, 0, 127, 0, 0, 0, 0, 0, 0, 0, 0, 0, 0, 0, 92, 219
"c:\MAIN FLUTTER\stockall\lib\pages\authentication\translations\translation_provider.dart", "Dart", 0, 0, 0, 0, 0, 262, 0, 0, 0, 0, 0, 0, 0, 0, 0, 0, 0, 25, 287
"c:\MAIN FLUTTER\stockall\lib\pages\authentication\verify_phone\enter_code.dart", "Dart", 0, 0, 0, 0, 0, 33, 0, 0, 0, 0, 0, 0, 0, 0, 0, 0, 0, 3, 36
"c:\MAIN FLUTTER\stockall\lib\pages\authentication\verify_phone\platforms\enter_code_desktop.dart", "Dart", 0, 0, 0, 0, 0, 298, 0, 0, 0, 0, 0, 0, 0, 0, 0, 0, 6, 4, 308
"c:\MAIN FLUTTER\stockall\lib\pages\authentication\verify_phone\platforms\enter_code_mobile.dart", "Dart", 0, 0, 0, 0, 0, 221, 0, 0, 0, 0, 0, 0, 0, 0, 0, 0, 3, 4, 228
"c:\MAIN FLUTTER\stockall\lib\pages\authentication\verify_phone\platforms\verify_phone_desktop.dart", "Dart", 0, 0, 0, 0, 0, 208, 0, 0, 0, 0, 0, 0, 0, 0, 0, 0, 0, 4, 212
"c:\MAIN FLUTTER\stockall\lib\pages\authentication\verify_phone\platforms\verify_phone_mobile.dart", "Dart", 0, 0, 0, 0, 0, 194, 0, 0, 0, 0, 0, 0, 0, 0, 0, 0, 50, 11, 255
"c:\MAIN FLUTTER\stockall\lib\pages\authentication\verify_phone\verify_phone.dart", "Dart", 0, 0, 0, 0, 0, 90, 0, 0, 0, 0, 0, 0, 0, 0, 0, 0, 0, 4, 94
"c:\MAIN FLUTTER\stockall\lib\pages\barcode_printing_page\barcode_printing_page.dart", "Dart", 0, 0, 0, 0, 0, 1010, 0, 0, 0, 0, 0, 0, 0, 0, 0, 0, 3, 13, 1026
"c:\MAIN FLUTTER\stockall\lib\pages\calculator_page\calculator_page.dart", "Dart", 0, 0, 0, 0, 0, 88, 0, 0, 0, 0, 0, 0, 0, 0, 0, 0, 0, 6, 94
"c:\MAIN FLUTTER\stockall\lib\pages\calendar_practice.dart", "Dart", 0, 0, 0, 0, 0, 0, 0, 0, 0, 0, 0, 0, 0, 0, 0, 0, 0, 2, 2
"c:\MAIN FLUTTER\stockall\lib\pages\customers\add_customer\add_customer.dart", "Dart", 0, 0, 0, 0, 0, 73, 0, 0, 0, 0, 0, 0, 0, 0, 0, 0, 0, 6, 79
"c:\MAIN FLUTTER\stockall\lib\pages\customers\add_customer\platforms\add_customer_desktop.dart", "Dart", 0, 0, 0, 0, 0, 2005, 0, 0, 0, 0, 0, 0, 0, 0, 0, 0, 25, 39, 2069
"c:\MAIN FLUTTER\stockall\lib\pages\customers\add_customer\platforms\add_customer_mobile.dart", "Dart", 0, 0, 0, 0, 0, 1999, 0, 0, 0, 0, 0, 0, 0, 0, 0, 0, 25, 38, 2062
"c:\MAIN FLUTTER\stockall\lib\pages\customers\components\customer_main_tile.dart", "Dart", 0, 0, 0, 0, 0, 116, 0, 0, 0, 0, 0, 0, 0, 0, 0, 0, 10, 4, 130
"c:\MAIN FLUTTER\stockall\lib\pages\customers\customer_page\customer_page.dart", "Dart", 0, 0, 0, 0, 0, 20, 0, 0, 0, 0, 0, 0, 0, 0, 0, 0, 0, 3, 23
"c:\MAIN FLUTTER\stockall\lib\pages\customers\customer_page\platform\customer_page_desktop.dart", "Dart", 0, 0, 0, 0, 0, 619, 0, 0, 0, 0, 0, 0, 0, 0, 0, 0, 1, 21, 641
"c:\MAIN FLUTTER\stockall\lib\pages\customers\customer_page\platform\customer_page_mobile.dart", "Dart", 0, 0, 0, 0, 0, 605, 0, 0, 0, 0, 0, 0, 0, 0, 0, 0, 0, 21, 626
"c:\MAIN FLUTTER\stockall\lib\pages\customers\customers_list\customer_list.dart", "Dart", 0, 0, 0, 0, 0, 51, 0, 0, 0, 0, 0, 0, 0, 0, 0, 0, 1, 6, 58
"c:\MAIN FLUTTER\stockall\lib\pages\customers\customers_list\platforms\customer_list_desktop.dart", "Dart", 0, 0, 0, 0, 0, 544, 0, 0, 0, 0, 0, 0, 0, 0, 0, 0, 0, 12, 556
"c:\MAIN FLUTTER\stockall\lib\pages\customers\customers_list\platforms\customer_list_mobile.dart", "Dart", 0, 0, 0, 0, 0, 354, 0, 0, 0, 0, 0, 0, 0, 0, 0, 0, 0, 10, 364
"c:\MAIN FLUTTER\stockall\lib\pages\dashboard\components\button_tab.dart", "Dart", 0, 0, 0, 0, 0, 71, 0, 0, 0, 0, 0, 0, 0, 0, 0, 0, 0, 5, 76
"c:\MAIN FLUTTER\stockall\lib\pages\dashboard\components\expiry_sub_popup_desktop.dart", "Dart", 0, 0, 0, 0, 0, 198, 0, 0, 0, 0, 0, 0, 0, 0, 0, 0, 2, 3, 203
"c:\MAIN FLUTTER\stockall\lib\pages\dashboard\components\main_bottom_nav.dart", "Dart", 0, 0, 0, 0, 0, 279, 0, 0, 0, 0, 0, 0, 0, 0, 0, 0, 0, 3, 282
"c:\MAIN FLUTTER\stockall\lib\pages\dashboard\components\main_info_tab.dart", "Dart", 0, 0, 0, 0, 0, 105, 0, 0, 0, 0, 0, 0, 0, 0, 0, 0, 26, 6, 137
"c:\MAIN FLUTTER\stockall\lib\pages\dashboard\components\nav_button.dart", "Dart", 0, 0, 0, 0, 0, 84, 0, 0, 0, 0, 0, 0, 0, 0, 0, 0, 0, 4, 88
"c:\MAIN FLUTTER\stockall\lib\pages\dashboard\components\top_nav_bar.dart", "Dart", 0, 0, 0, 0, 0, 954, 0, 0, 0, 0, 0, 0, 0, 0, 0, 0, 119, 13, 1086
"c:\MAIN FLUTTER\stockall\lib\pages\dashboard\components\total_sales_banner.dart", "Dart", 0, 0, 0, 0, 0, 584, 0, 0, 0, 0, 0, 0, 0, 0, 0, 0, 4, 21, 609
"c:\MAIN FLUTTER\stockall\lib\pages\dashboard\dashboard.dart", "Dart", 0, 0, 0, 0, 0, 60, 0, 0, 0, 0, 0, 0, 0, 0, 0, 0, 1, 10, 71
"c:\MAIN FLUTTER\stockall\lib\pages\dashboard\employee_auth_page\emp_auth.dart", "Dart", 0, 0, 0, 0, 0, 1058, 0, 0, 0, 0, 0, 0, 0, 0, 0, 0, 22, 17, 1097
"c:\MAIN FLUTTER\stockall\lib\pages\dashboard\platforms\dashboard_desktop.dart", "Dart", 0, 0, 0, 0, 0, 1479, 0, 0, 0, 0, 0, 0, 0, 0, 0, 0, 125, 48, 1652
"c:\MAIN FLUTTER\stockall\lib\pages\dashboard\platforms\dashboard_mobile.dart", "Dart", 0, 0, 0, 0, 0, 1798, 0, 0, 0, 0, 0, 0, 0, 0, 0, 0, 36, 37, 1871
"c:\MAIN FLUTTER\stockall\lib\pages\departments\departments.dart", "Dart", 0, 0, 0, 0, 0, 35, 0, 0, 0, 0, 0, 0, 0, 0, 0, 0, 0, 5, 40
"c:\MAIN FLUTTER\stockall\lib\pages\departments\platforms\departments_desktop.dart", "Dart", 0, 0, 0, 0, 0, 174, 0, 0, 0, 0, 0, 0, 0, 0, 0, 0, 0, 6, 180
"c:\MAIN FLUTTER\stockall\lib\pages\departments\platforms\departments_mobile.dart", "Dart", 0, 0, 0, 0, 0, 56, 0, 0, 0, 0, 0, 0, 0, 0, 0, 0, 0, 4, 60
"c:\MAIN FLUTTER\stockall\lib\pages\employees\add_employee_page\add_employee_page.dart", "Dart", 0, 0, 0, 0, 0, 54, 0, 0, 0, 0, 0, 0, 0, 0, 0, 0, 0, 6, 60
"c:\MAIN FLUTTER\stockall\lib\pages\employees\add_employee_page\platforms\add_employee_desktop.dart", "Dart", 0, 0, 0, 0, 0, 870, 0, 0, 0, 0, 0, 0, 0, 0, 0, 0, 14, 25, 909
"c:\MAIN FLUTTER\stockall\lib\pages\employees\add_employee_page\platforms\add_employee_mobile.dart", "Dart", 0, 0, 0, 0, 0, 855, 0, 0, 0, 0, 0, 0, 0, 0, 0, 0, 13, 26, 894
"c:\MAIN FLUTTER\stockall\lib\pages\employees\components\employee_tile_main.dart", "Dart", 0, 0, 0, 0, 0, 156, 0, 0, 0, 0, 0, 0, 0, 0, 0, 0, 0, 5, 161
"c:\MAIN FLUTTER\stockall\lib\pages\employees\employee_list\employee_list_page.dart", "Dart", 0, 0, 0, 0, 0, 40, 0, 0, 0, 0, 0, 0, 0, 0, 0, 0, 1, 6, 47
"c:\MAIN FLUTTER\stockall\lib\pages\employees\employee_list\platforms\employee_list_desktop.dart", "Dart", 0, 0, 0, 0, 0, 359, 0, 0, 0, 0, 0, 0, 0, 0, 0, 0, 9, 13, 381
"c:\MAIN FLUTTER\stockall\lib\pages\employees\employee_list\platforms\employee_list_mobile.dart", "Dart", 0, 0, 0, 0, 0, 216, 0, 0, 0, 0, 0, 0, 0, 0, 0, 0, 0, 9, 225
"c:\MAIN FLUTTER\stockall\lib\pages\employees\employee_page\employee_page.dart", "Dart", 0, 0, 0, 0, 0, 22, 0, 0, 0, 0, 0, 0, 0, 0, 0, 0, 0, 3, 25
"c:\MAIN FLUTTER\stockall\lib\pages\employees\employee_page\platforms\employee_page_desktop.dart", "Dart", 0, 0, 0, 0, 0, 747, 0, 0, 0, 0, 0, 0, 0, 0, 0, 0, 16, 32, 795
"c:\MAIN FLUTTER\stockall\lib\pages\employees\employee_page\platforms\employee_page_mobile.dart", "Dart", 0, 0, 0, 0, 0, 707, 0, 0, 0, 0, 0, 0, 0, 0, 0, 0, 1, 31, 739
"c:\MAIN FLUTTER\stockall\lib\pages\expenses\add_expenses\add_expenses.dart", "Dart", 0, 0, 0, 0, 0, 65, 0, 0, 0, 0, 0, 0, 0, 0, 0, 0, 0, 4, 69
"c:\MAIN FLUTTER\stockall\lib\pages\expenses\add_expenses\platforms\add_expenses_desktop.dart", "Dart", 0, 0, 0, 0, 0, 360, 0, 0, 0, 0, 0, 0, 0, 0, 0, 0, 26, 19, 405
"c:\MAIN FLUTTER\stockall\lib\pages\expenses\add_expenses\platforms\add_expenses_mobile.dart", "Dart", 0, 0, 0, 0, 0, 351, 0, 0, 0, 0, 0, 0, 0, 0, 0, 0, 26, 19, 396
"c:\MAIN FLUTTER\stockall\lib\pages\expenses\components\expenses_tile.dart", "Dart", 0, 0, 0, 0, 0, 204, 0, 0, 0, 0, 0, 0, 0, 0, 0, 0, 0, 8, 212
"c:\MAIN FLUTTER\stockall\lib\pages\expenses\expenses_page.dart", "Dart", 0, 0, 0, 0, 0, 46, 0, 0, 0, 0, 0, 0, 0, 0, 0, 0, 1, 5, 52
"c:\MAIN FLUTTER\stockall\lib\pages\expenses\platforms\expenses_desktop.dart", "Dart", 0, 0, 0, 0, 0, 723, 0, 0, 0, 0, 0, 0, 0, 0, 0, 0, 8, 12, 743
"c:\MAIN FLUTTER\stockall\lib\pages\expenses\platforms\expenses_moblie.dart", "Dart", 0, 0, 0, 0, 0, 539, 0, 0, 0, 0, 0, 0, 0, 0, 0, 0, 8, 10, 557
"c:\MAIN FLUTTER\stockall\lib\pages\expenses\single_expense\expense_details.dart", "Dart", 0, 0, 0, 0, 0, 47, 0, 0, 0, 0, 0, 0, 0, 0, 0, 0, 0, 5, 52
"c:\MAIN FLUTTER\stockall\lib\pages\expenses\single_expense\platform\expense_details_desktop.dart", "Dart", 0, 0, 0, 0, 0, 540, 0, 0, 0, 0, 0, 0, 0, 0, 0, 0, 5, 24, 569
"c:\MAIN FLUTTER\stockall\lib\pages\expenses\single_expense\platform\expense_details_mobile.dart", "Dart", 0, 0, 0, 0, 0, 539, 0, 0, 0, 0, 0, 0, 0, 0, 0, 0, 35, 26, 600
"c:\MAIN FLUTTER\stockall\lib\pages\expenses\total_expenses\platforms\total_expenses_desktop.dart", "Dart", 0, 0, 0, 0, 0, 730, 0, 0, 0, 0, 0, 0, 0, 0, 0, 0, 6, 14, 750
"c:\MAIN FLUTTER\stockall\lib\pages\expenses\total_expenses\platforms\total_expenses_mobile.dart", "Dart", 0, 0, 0, 0, 0, 557, 0, 0, 0, 0, 0, 0, 0, 0, 0, 0, 6, 13, 576
"c:\MAIN FLUTTER\stockall\lib\pages\expenses\total_expenses\total_expenses.dart", "Dart", 0, 0, 0, 0, 0, 19, 0, 0, 0, 0, 0, 0, 0, 0, 0, 0, 0, 3, 22
"c:\MAIN FLUTTER\stockall\lib\pages\home\home.dart", "Dart", 0, 0, 0, 0, 0, 259, 0, 0, 0, 0, 0, 0, 0, 0, 0, 0, 21, 12, 292
"c:\MAIN FLUTTER\stockall\lib\pages\invoices\invoice_list\invoice_list_page.dart", "Dart", 0, 0, 0, 0, 0, 52, 0, 0, 0, 0, 0, 0, 0, 0, 0, 0, 0, 6, 58
"c:\MAIN FLUTTER\stockall\lib\pages\invoices\invoice_list\platforms\invoice_list_desktop.dart", "Dart", 0, 0, 0, 0, 0, 787, 0, 0, 0, 0, 0, 0, 0, 0, 0, 0, 8, 18, 813
"c:\MAIN FLUTTER\stockall\lib\pages\invoices\invoice_list\platforms\invoice_list_mobile.dart", "Dart", 0, 0, 0, 0, 0, 602, 0, 0, 0, 0, 0, 0, 0, 0, 0, 0, 7, 15, 624
"c:\MAIN FLUTTER\stockall\lib\pages\invoices\invoice_page\invoice_page_desktop.dart", "Dart", 0, 0, 0, 0, 0, 2246, 0, 0, 0, 0, 0, 0, 0, 0, 0, 0, 36, 21, 2303
"c:\MAIN FLUTTER\stockall\lib\pages\invoices\invoice_page\invoice_page_mobile.dart", "Dart", 0, 0, 0, 0, 0, 2197, 0, 0, 0, 0, 0, 0, 0, 0, 0, 0, 27, 15, 2239
"c:\MAIN FLUTTER\stockall\lib\pages\notifications\general_notif\general_notif.dart", "Dart", 0, 0, 0, 0, 0, 0, 0, 0, 0, 0, 0, 0, 0, 0, 0, 0, 28, 3, 31
"c:\MAIN FLUTTER\stockall\lib\pages\notifications\general_notif\platforms\general_notif_desktop.dart", "Dart", 0, 0, 0, 0, 0, 0, 0, 0, 0, 0, 0, 0, 0, 0, 0, 0, 118, 3, 121
"c:\MAIN FLUTTER\stockall\lib\pages\notifications\general_notif\platforms\general_notif_mobile.dart", "Dart", 0, 0, 0, 0, 0, 0, 0, 0, 0, 0, 0, 0, 0, 0, 0, 0, 15, 3, 18
"c:\MAIN FLUTTER\stockall\lib\pages\notifications\notifications_page.dart", "Dart", 0, 0, 0, 0, 0, 42, 0, 0, 0, 0, 0, 0, 0, 0, 0, 0, 1, 5, 48
"c:\MAIN FLUTTER\stockall\lib\pages\notifications\platforms\notifications_desktop.dart", "Dart", 0, 0, 0, 0, 0, 1197, 0, 0, 0, 0, 0, 0, 0, 0, 0, 0, 0, 13, 1210
"c:\MAIN FLUTTER\stockall\lib\pages\notifications\platforms\notifications_mobile.dart", "Dart", 0, 0, 0, 0, 0, 584, 0, 0, 0, 0, 0, 0, 0, 0, 0, 0, 0, 4, 588
"c:\MAIN FLUTTER\stockall\lib\pages\products\add_product_one\add_product.dart", "Dart", 0, 0, 0, 0, 0, 120, 0, 0, 0, 0, 0, 0, 0, 0, 0, 0, 0, 8, 128
"c:\MAIN FLUTTER\stockall\lib\pages\products\add_product_one\platforms\add_product_desktop.dart", "Dart", 0, 0, 0, 0, 0, 1805, 0, 0, 0, 0, 0, 0, 0, 0, 0, 0, 39, 48, 1892
"c:\MAIN FLUTTER\stockall\lib\pages\products\add_product_one\platforms\add_product_mobile.dart", "Dart", 0, 0, 0, 0, 0, 1551, 0, 0, 0, 0, 0, 0, 0, 0, 0, 0, 43, 46, 1640
"c:\MAIN FLUTTER\stockall\lib\pages\products\add_products_three\add_products_three.dart", "Dart", 0, 0, 0, 0, 0, 0, 0, 0, 0, 0, 0, 0, 0, 0, 0, 0, 28, 4, 32
"c:\MAIN FLUTTER\stockall\lib\pages\products\add_products_three\platforms\add_products_three_mobile.dart", "Dart", 0, 0, 0, 0, 0, 0, 0, 0, 0, 0, 0, 0, 0, 0, 0, 0, 377, 10, 387
"c:\MAIN FLUTTER\stockall\lib\pages\products\add_products_two\add_product_two.dart", "Dart", 0, 0, 0, 0, 0, 0, 0, 0, 0, 0, 0, 0, 0, 0, 0, 0, 37, 4, 41
"c:\MAIN FLUTTER\stockall\lib\pages\products\add_products_two\platforms\add_products_two_mobile.dart", "Dart", 0, 0, 0, 0, 0, 0, 0, 0, 0, 0, 0, 0, 0, 0, 0, 0, 262, 8, 270
"c:\MAIN FLUTTER\stockall\lib\pages\products\compnents\cart_item_main.dart", "Dart", 0, 0, 0, 0, 0, 319, 0, 0, 0, 0, 0, 0, 0, 0, 0, 0, 1, 7, 327
"c:\MAIN FLUTTER\stockall\lib\pages\products\compnents\edit_product_tile.dart", "Dart", 0, 0, 0, 0, 0, 48, 0, 0, 0, 0, 0, 0, 0, 0, 0, 0, 0, 4, 52
"c:\MAIN FLUTTER\stockall\lib\pages\products\compnents\product_filter_button.dart", "Dart", 0, 0, 0, 0, 0, 64, 0, 0, 0, 0, 0, 0, 0, 0, 0, 0, 0, 5, 69
"c:\MAIN FLUTTER\stockall\lib\pages\products\compnents\product_tile_cart_search.dart", "Dart", 0, 0, 0, 0, 0, 468, 0, 0, 0, 0, 0, 0, 0, 0, 0, 0, 2, 7, 477
"c:\MAIN FLUTTER\stockall\lib\pages\products\compnents\product_tile_main.dart", "Dart", 0, 0, 0, 0, 0, 511, 0, 0, 0, 0, 0, 0, 0, 0, 0, 0, 1, 7, 519
"c:\MAIN FLUTTER\stockall\lib\pages\products\compnents\products_summary_tab.dart", "Dart", 0, 0, 0, 0, 0, 102, 0, 0, 0, 0, 0, 0, 0, 0, 0, 0, 0, 5, 107
"c:\MAIN FLUTTER\stockall\lib\pages\products\compnents\receipt_tile_main.dart", "Dart", 0, 0, 0, 0, 0, 0, 0, 0, 0, 0, 0, 0, 0, 0, 0, 0, 256, 11, 267
"c:\MAIN FLUTTER\stockall\lib\pages\products\compnents\search_product_tile.dart", "Dart", 0, 0, 0, 0, 0, 64, 0, 0, 0, 0, 0, 0, 0, 0, 0, 0, 1, 4, 69
"c:\MAIN FLUTTER\stockall\lib\pages\products\edit_product\edit_products_page.dart", "Dart", 0, 0, 0, 0, 0, 0, 0, 0, 0, 0, 0, 0, 0, 0, 0, 0, 103, 6, 109
"c:\MAIN FLUTTER\stockall\lib\pages\products\edit_product\platforms\edit_product_mobile.dart", "Dart", 0, 0, 0, 0, 0, 0, 0, 0, 0, 0, 0, 0, 0, 0, 0, 0, 457, 11, 468
"c:\MAIN FLUTTER\stockall\lib\pages\products\platforms\product_page_desktop.dart", "Dart", 0, 0, 0, 0, 0, 846, 0, 0, 0, 0, 0, 0, 0, 0, 0, 0, 19, 19, 884
"c:\MAIN FLUTTER\stockall\lib\pages\products\platforms\product_page_mobile.dart", "Dart", 0, 0, 0, 0, 0, 741, 0, 0, 0, 0, 0, 0, 0, 0, 0, 0, 12, 17, 770
"c:\MAIN FLUTTER\stockall\lib\pages\products\product_details\platforms\components\edit_discount_page.dart", "Dart", 0, 0, 0, 0, 0, 597, 0, 0, 0, 0, 0, 0, 0, 0, 0, 0, 2, 15, 614
"c:\MAIN FLUTTER\stockall\lib\pages\products\product_details\platforms\product_details_desktop.dart", "Dart", 0, 0, 0, 0, 0, 2255, 0, 0, 0, 0, 0, 0, 0, 0, 0, 0, 51, 34, 2340
"c:\MAIN FLUTTER\stockall\lib\pages\products\product_details\platforms\product_details_mobile.dart", "Dart", 0, 0, 0, 0, 0, 1857, 0, 0, 0, 0, 0, 0, 0, 0, 0, 0, 172, 35, 2064
"c:\MAIN FLUTTER\stockall\lib\pages\products\product_details\product_details_page.dart", "Dart", 0, 0, 0, 0, 0, 51, 0, 0, 0, 0, 0, 0, 0, 0, 0, 0, 0, 5, 56
"c:\MAIN FLUTTER\stockall\lib\pages\products\products_page.dart", "Dart", 0, 0, 0, 0, 0, 55, 0, 0, 0, 0, 0, 0, 0, 0, 0, 0, 0, 6, 61
"c:\MAIN FLUTTER\stockall\lib\pages\products\storage_page\platforms\storage_page_desktop.dart", "Dart", 0, 0, 0, 0, 0, 2293, 0, 0, 0, 0, 0, 0, 0, 0, 0, 0, 206, 46, 2545
"c:\MAIN FLUTTER\stockall\lib\pages\products\storage_page\platforms\storage_page_mobile.dart", "Dart", 0, 0, 0, 0, 0, 2198, 0, 0, 0, 0, 0, 0, 0, 0, 0, 0, 40, 40, 2278
"c:\MAIN FLUTTER\stockall\lib\pages\products\storage_page\storage_page.dart", "Dart", 0, 0, 0, 0, 0, 19, 0, 0, 0, 0, 0, 0, 0, 0, 0, 0, 0, 3, 22
"c:\MAIN FLUTTER\stockall\lib\pages\products\total_products\platforms\total_products_desktop.dart", "Dart", 0, 0, 0, 0, 0, 1051, 0, 0, 0, 0, 0, 0, 0, 0, 0, 0, 23, 22, 1096
"c:\MAIN FLUTTER\stockall\lib\pages\products\total_products\platforms\total_products_mobile.dart", "Dart", 0, 0, 0, 0, 0, 743, 0, 0, 0, 0, 0, 0, 0, 0, 0, 0, 24, 19, 786
"c:\MAIN FLUTTER\stockall\lib\pages\products\total_products\total_products_page.dart", "Dart", 0, 0, 0, 0, 0, 26, 0, 0, 0, 0, 0, 0, 0, 0, 0, 0, 0, 3, 29
"c:\MAIN FLUTTER\stockall\lib\pages\profile\change_email\code_sent_change\code_sent_page_change.dart", "Dart", 0, 0, 0, 0, 0, 119, 0, 0, 0, 0, 0, 0, 0, 0, 0, 0, 1, 5, 125
"c:\MAIN FLUTTER\stockall\lib\pages\profile\change_email\code_sent_change\platforms\code_sent_desktop_change.dart", "Dart", 0, 0, 0, 0, 0, 244, 0, 0, 0, 0, 0, 0, 0, 0, 0, 0, 0, 10, 254
"c:\MAIN FLUTTER\stockall\lib\pages\profile\change_email\code_sent_change\platforms\code_sent_mobile_change.dart", "Dart", 0, 0, 0, 0, 0, 204, 0, 0, 0, 0, 0, 0, 0, 0, 0, 0, 3, 10, 217
"c:\MAIN FLUTTER\stockall\lib\pages\profile\change_email\enter_new_email\enter_new_email.dart", "Dart", 0, 0, 0, 0, 0, 35, 0, 0, 0, 0, 0, 0, 0, 0, 0, 0, 1, 4, 40
"c:\MAIN FLUTTER\stockall\lib\pages\profile\change_email\enter_new_email\forgot_password_change.dart", "Dart", 0, 0, 0, 0, 0, 0, 0, 0, 0, 0, 0, 0, 0, 0, 0, 0, 35, 4, 39
"c:\MAIN FLUTTER\stockall\lib\pages\profile\change_email\enter_new_email\platforms\enter_new_email_desktop.dart", "Dart", 0, 0, 0, 0, 0, 284, 0, 0, 0, 0, 0, 0, 0, 0, 0, 0, 0, 7, 291
"c:\MAIN FLUTTER\stockall\lib\pages\profile\change_email\enter_new_email\platforms\enter_new_email_mobile.dart", "Dart", 0, 0, 0, 0, 0, 186, 0, 0, 0, 0, 0, 0, 0, 0, 0, 0, 0, 6, 192
"c:\MAIN FLUTTER\stockall\lib\pages\profile\change_email\verify_email_change\platforms\verify_email_desktop_change.dart", "Dart", 0, 0, 0, 0, 0, 448, 0, 0, 0, 0, 0, 0, 0, 0, 0, 0, 3, 11, 462
"c:\MAIN FLUTTER\stockall\lib\pages\profile\change_email\verify_email_change\platforms\verify_email_mobile_change.dart", "Dart", 0, 0, 0, 0, 0, 407, 0, 0, 0, 0, 0, 0, 0, 0, 0, 0, 3, 10, 420
"c:\MAIN FLUTTER\stockall\lib\pages\profile\change_email\verify_email_change\verify_email_page_change.dart", "Dart", 0, 0, 0, 0, 0, 58, 0, 0, 0, 0, 0, 0, 0, 0, 0, 0, 0, 6, 64
"c:\MAIN FLUTTER\stockall\lib\pages\profile\delete_account\delete_account.dart", "Dart", 0, 0, 0, 0, 0, 35, 0, 0, 0, 0, 0, 0, 0, 0, 0, 0, 1, 4, 40
"c:\MAIN FLUTTER\stockall\lib\pages\profile\delete_account\platforms\delete_account_desktop.dart", "Dart", 0, 0, 0, 0, 0, 266, 0, 0, 0, 0, 0, 0, 0, 0, 0, 0, 0, 6, 272
"c:\MAIN FLUTTER\stockall\lib\pages\profile\delete_account\platforms\delete_account_mobile.dart", "Dart", 0, 0, 0, 0, 0, 164, 0, 0, 0, 0, 0, 0, 0, 0, 0, 0, 0, 5, 169
"c:\MAIN FLUTTER\stockall\lib\pages\profile\edit\edit.dart", "Dart", 0, 0, 0, 0, 0, 75, 0, 0, 0, 0, 0, 0, 0, 0, 0, 0, 0, 4, 79
"c:\MAIN FLUTTER\stockall\lib\pages\profile\edit\platforms\edit_desktop.dart", "Dart", 0, 0, 0, 0, 0, 794, 0, 0, 0, 0, 0, 0, 0, 0, 0, 0, 6, 20, 820
"c:\MAIN FLUTTER\stockall\lib\pages\profile\edit\platforms\edit_mobile.dart", "Dart", 0, 0, 0, 0, 0, 617, 0, 0, 0, 0, 0, 0, 0, 0, 0, 0, 7, 21, 645
"c:\MAIN FLUTTER\stockall\lib\pages\profile\platforms\profile_page_desktop.dart", "Dart", 0, 0, 0, 0, 0, 583, 0, 0, 0, 0, 0, 0, 0, 0, 0, 0, 0, 7, 590
"c:\MAIN FLUTTER\stockall\lib\pages\profile\platforms\profile_page_mobile.dart", "Dart", 0, 0, 0, 0, 0, 562, 0, 0, 0, 0, 0, 0, 0, 0, 0, 0, 0, 7, 569
"c:\MAIN FLUTTER\stockall\lib\pages\profile\profile_page.dart", "Dart", 0, 0, 0, 0, 0, 41, 0, 0, 0, 0, 0, 0, 0, 0, 0, 0, 1, 5, 47
"c:\MAIN FLUTTER\stockall\lib\pages\referrals\platforms\referrals_mobile.dart", "Dart", 0, 0, 0, 0, 0, 42, 0, 0, 0, 0, 0, 0, 0, 0, 0, 0, 0, 3, 45
"c:\MAIN FLUTTER\stockall\lib\pages\referrals\referrals.dart", "Dart", 0, 0, 0, 0, 0, 51, 0, 0, 0, 0, 0, 0, 0, 0, 0, 0, 1, 7, 59
"c:\MAIN FLUTTER\stockall\lib\pages\report\customer_report\customer_report_page.dart", "Dart", 0, 0, 0, 0, 0, 19, 0, 0, 0, 0, 0, 0, 0, 0, 0, 0, 0, 3, 22
"c:\MAIN FLUTTER\stockall\lib\pages\report\customer_report\platforms\customer_report_desktop.dart", "Dart", 0, 0, 0, 0, 0, 916, 0, 0, 0, 0, 0, 0, 0, 0, 0, 0, 22, 17, 955
"c:\MAIN FLUTTER\stockall\lib\pages\report\customer_report\platforms\customer_report_mobile.dart", "Dart", 0, 0, 0, 0, 0, 936, 0, 0, 0, 0, 0, 0, 0, 0, 0, 0, 14, 19, 969
"c:\MAIN FLUTTER\stockall\lib\pages\report\events_log\events_log.dart", "Dart", 0, 0, 0, 0, 0, 23, 0, 0, 0, 0, 0, 0, 0, 0, 0, 0, 0, 4, 27
"c:\MAIN FLUTTER\stockall\lib\pages\report\events_log\platforms\events_log_desktop.dart", "Dart", 0, 0, 0, 0, 0, 673, 0, 0, 0, 0, 0, 0, 0, 0, 0, 0, 1, 12, 686
"c:\MAIN FLUTTER\stockall\lib\pages\report\events_log\platforms\events_log_mobile.dart", "Dart", 0, 0, 0, 0, 0, 558, 0, 0, 0, 0, 0, 0, 0, 0, 0, 0, 0, 11, 569
"c:\MAIN FLUTTER\stockall\lib\pages\report\general_report\general_report_page.dart", "Dart", 0, 0, 0, 0, 0, 19, 0, 0, 0, 0, 0, 0, 0, 0, 0, 0, 0, 3, 22
"c:\MAIN FLUTTER\stockall\lib\pages\report\general_report\platforms\general_report_desktop.dart", "Dart", 0, 0, 0, 0, 0, 1772, 0, 0, 0, 0, 0, 0, 0, 0, 0, 0, 769, 61, 2602
"c:\MAIN FLUTTER\stockall\lib\pages\report\general_report\platforms\general_report_mobile.dart", "Dart", 0, 0, 0, 0, 0, 2452, 0, 0, 0, 0, 0, 0, 0, 0, 0, 0, 69, 61, 2582
"c:\MAIN FLUTTER\stockall\lib\pages\report\platforms\report_desktop.dart", "Dart", 0, 0, 0, 0, 0, 393, 0, 0, 0, 0, 0, 0, 0, 0, 0, 0, 2, 7, 402
"c:\MAIN FLUTTER\stockall\lib\pages\report\platforms\report_mobile.dart", "Dart", 0, 0, 0, 0, 0, 265, 0, 0, 0, 0, 0, 0, 0, 0, 0, 0, 2, 6, 273
"c:\MAIN FLUTTER\stockall\lib\pages\report\product_report\platforms\product_report_desktop.dart", "Dart", 0, 0, 0, 0, 0, 2129, 0, 0, 0, 0, 0, 0, 0, 0, 0, 0, 251, 34, 2414
"c:\MAIN FLUTTER\stockall\lib\pages\report\product_report\platforms\product_report_mobile.dart", "Dart", 0, 0, 0, 0, 0, 2039, 0, 0, 0, 0, 0, 0, 0, 0, 0, 0, 238, 31, 2308
"c:\MAIN FLUTTER\stockall\lib\pages\report\product_report\product_report_page.dart", "Dart", 0, 0, 0, 0, 0, 19, 0, 0, 0, 0, 0, 0, 0, 0, 0, 0, 0, 3, 22
"c:\MAIN FLUTTER\stockall\lib\pages\report\report_page.dart", "Dart", 0, 0, 0, 0, 0, 37, 0, 0, 0, 0, 0, 0, 0, 0, 0, 0, 1, 5, 43
"c:\MAIN FLUTTER\stockall\lib\pages\report\sales_and_revenue\platforms\sales_and_revenue_report_desktop.dart", "Dart", 0, 0, 0, 0, 0, 1762, 0, 0, 0, 0, 0, 0, 0, 0, 0, 0, 29, 39, 1830
"c:\MAIN FLUTTER\stockall\lib\pages\report\sales_and_revenue\platforms\sales_and_revenue_report_mobile.dart", "Dart", 0, 0, 0, 0, 0, 1708, 0, 0, 0, 0, 0, 0, 0, 0, 0, 0, 28, 39, 1775
"c:\MAIN FLUTTER\stockall\lib\pages\report\sales_and_revenue\sales_and_revenue_report.dart", "Dart", 0, 0, 0, 0, 0, 19, 0, 0, 0, 0, 0, 0, 0, 0, 0, 0, 0, 3, 22
"c:\MAIN FLUTTER\stockall\lib\pages\restricted_page\restricted_page.dart", "Dart", 0, 0, 0, 0, 0, 548, 0, 0, 0, 0, 0, 0, 0, 0, 0, 0, 10, 6, 564
"c:\MAIN FLUTTER\stockall\lib\pages\sales\make_sales\page1\make_sales_page.dart", "Dart", 0, 0, 0, 0, 0, 74, 0, 0, 0, 0, 0, 0, 0, 0, 0, 0, 7, 10, 91
"c:\MAIN FLUTTER\stockall\lib\pages\sales\make_sales\page1\platforms\make_sales_desktop.dart", "Dart", 0, 0, 0, 0, 0, 2782, 0, 0, 0, 0, 0, 0, 0, 0, 0, 0, 87, 37, 2906
"c:\MAIN FLUTTER\stockall\lib\pages\sales\make_sales\page1\platforms\make_sales_mobile.dart", "Dart", 0, 0, 0, 0, 0, 2644, 0, 0, 0, 0, 0, 0, 0, 0, 0, 0, 401, 39, 3084
"c:\MAIN FLUTTER\stockall\lib\pages\sales\make_sales\page2\make_sales_two.dart", "Dart", 0, 0, 0, 0, 0, 57, 0, 0, 0, 0, 0, 0, 0, 0, 0, 0, 0, 4, 61
"c:\MAIN FLUTTER\stockall\lib\pages\sales\make_sales\page2\platforms\make_sales_desktop_two.dart", "Dart", 0, 0, 0, 0, 0, 1214, 0, 0, 0, 0, 0, 0, 0, 0, 0, 0, 76, 18, 1308
"c:\MAIN FLUTTER\stockall\lib\pages\sales\make_sales\page2\platforms\make_sales_mobile_two.dart", "Dart", 0, 0, 0, 0, 0, 1016, 0, 0, 0, 0, 0, 0, 0, 0, 0, 0, 78, 16, 1110
"c:\MAIN FLUTTER\stockall\lib\pages\sales\make_sales\receipt_page\pdf_preview_page.dart", "Dart", 0, 0, 0, 0, 0, 41, 0, 0, 0, 0, 0, 0, 0, 0, 0, 0, 0, 6, 47
"c:\MAIN FLUTTER\stockall\lib\pages\sales\make_sales\receipt_page\platforms\receipt_page_desktop.dart", "Dart", 0, 0, 0, 0, 0, 2086, 0, 0, 0, 0, 0, 0, 0, 0, 0, 0, 175, 39, 2300
"c:\MAIN FLUTTER\stockall\lib\pages\sales\make_sales\receipt_page\platforms\receipt_page_mobile.dart", "Dart", 0, 0, 0, 0, 0, 1963, 0, 0, 0, 0, 0, 0, 0, 0, 0, 0, 148, 38, 2149
"c:\MAIN FLUTTER\stockall\lib\pages\sales\make_sales\receipt_page\receipt_page.dart", "Dart", 0, 0, 0, 0, 0, 46, 0, 0, 0, 0, 0, 0, 0, 0, 0, 0, 0, 3, 49
"c:\MAIN FLUTTER\stockall\lib\pages\sales\sales_page\platforms\sales_page_desktop.dart", "Dart", 0, 0, 0, 0, 0, 614, 0, 0, 0, 0, 0, 0, 0, 0, 0, 0, 18, 15, 647
"c:\MAIN FLUTTER\stockall\lib\pages\sales\sales_page\platforms\sales_page_mobile.dart", "Dart", 0, 0, 0, 0, 0, 526, 0, 0, 0, 0, 0, 0, 0, 0, 0, 0, 27, 15, 568
"c:\MAIN FLUTTER\stockall\lib\pages\sales\sales_page\sales_page.dart", "Dart", 0, 0, 0, 0, 0, 51, 0, 0, 0, 0, 0, 0, 0, 0, 0, 0, 1, 7, 59
"c:\MAIN FLUTTER\stockall\lib\pages\sales\total_sales\platforms\total_sales_desktop.dart", "Dart", 0, 0, 0, 0, 0, 955, 0, 0, 0, 0, 0, 0, 0, 0, 0, 0, 16, 16, 987
"c:\MAIN FLUTTER\stockall\lib\pages\sales\total_sales\platforms\total_sales_mobile.dart", "Dart", 0, 0, 0, 0, 0, 723, 0, 0, 0, 0, 0, 0, 0, 0, 0, 0, 18, 13, 754
"c:\MAIN FLUTTER\stockall\lib\pages\sales\total_sales\total_sales_page.dart", "Dart", 0, 0, 0, 0, 0, 34, 0, 0, 0, 0, 0, 0, 0, 0, 0, 0, 4, 3, 41
"c:\MAIN FLUTTER\stockall\lib\pages\settings\platforms\settings_page_desktop.dart", "Dart", 0, 0, 0, 0, 0, 886, 0, 0, 0, 0, 0, 0, 0, 0, 0, 0, 631, 6, 1523
"c:\MAIN FLUTTER\stockall\lib\pages\settings\platforms\settings_page_mobile.dart", "Dart", 0, 0, 0, 0, 0, 781, 0, 0, 0, 0, 0, 0, 0, 0, 0, 0, 634, 5, 1420
"c:\MAIN FLUTTER\stockall\lib\pages\settings\settings_page.dart", "Dart", 0, 0, 0, 0, 0, 199, 0, 0, 0, 0, 0, 0, 0, 0, 0, 0, 6, 4, 209
"c:\MAIN FLUTTER\stockall\lib\pages\shop_setup\banner_screen\copy_staff_id\copy_staff_id.dart", "Dart", 0, 0, 0, 0, 0, 28, 0, 0, 0, 0, 0, 0, 0, 0, 0, 0, 0, 4, 32
"c:\MAIN FLUTTER\stockall\lib\pages\shop_setup\banner_screen\copy_staff_id\copy_staff_id_desktop.dart", "Dart", 0, 0, 0, 0, 0, 548, 0, 0, 0, 0, 0, 0, 0, 0, 0, 0, 5, 14, 567
"c:\MAIN FLUTTER\stockall\lib\pages\shop_setup\banner_screen\copy_staff_id\copy_staff_id_mobile.dart", "Dart", 0, 0, 0, 0, 0, 403, 0, 0, 0, 0, 0, 0, 0, 0, 0, 0, 5, 13, 421
"c:\MAIN FLUTTER\stockall\lib\pages\shop_setup\banner_screen\platforms\shop_banner_screen_desktop.dart", "Dart", 0, 0, 0, 0, 0, 576, 0, 0, 0, 0, 0, 0, 0, 0, 0, 0, 0, 6, 582
"c:\MAIN FLUTTER\stockall\lib\pages\shop_setup\banner_screen\platforms\shop_banner_screen_mobile.dart", "Dart", 0, 0, 0, 0, 0, 261, 0, 0, 0, 0, 0, 0, 0, 0, 0, 0, 0, 4, 265
"c:\MAIN FLUTTER\stockall\lib\pages\shop_setup\banner_screen\shop_banner_screen.dart", "Dart", 0, 0, 0, 0, 0, 25, 0, 0, 0, 0, 0, 0, 0, 0, 0, 0, 0, 4, 29
"c:\MAIN FLUTTER\stockall\lib\pages\shop_setup\components\text_field.dart", "Dart", 0, 0, 0, 0, 0, 111, 0, 0, 0, 0, 0, 0, 0, 0, 0, 0, 0, 4, 115
"c:\MAIN FLUTTER\stockall\lib\pages\shop_setup\create_category\create_category.dart", "Dart", 0, 0, 0, 0, 0, 19, 0, 0, 0, 0, 0, 0, 0, 0, 0, 0, 0, 3, 22
"c:\MAIN FLUTTER\stockall\lib\pages\shop_setup\create_category\platforms\create_category_desktop.dart", "Dart", 0, 0, 0, 0, 0, 141, 0, 0, 0, 0, 0, 0, 0, 0, 0, 0, 11, 6, 158
"c:\MAIN FLUTTER\stockall\lib\pages\shop_setup\create_category\platforms\create_category_mobile.dart", "Dart", 0, 0, 0, 0, 0, 142, 0, 0, 0, 0, 0, 0, 0, 0, 0, 0, 2, 6, 150
"c:\MAIN FLUTTER\stockall\lib\pages\shop_setup\edit_receipt_page\edit_receipt.dart", "Dart", 0, 0, 0, 0, 0, 26, 0, 0, 0, 0, 0, 0, 0, 0, 0, 0, 0, 3, 29
"c:\MAIN FLUTTER\stockall\lib\pages\shop_setup\edit_receipt_page\platforms\edit_receipt_page_desktop.dart", "Dart", 0, 0, 0, 0, 0, 1638, 0, 0, 0, 0, 0, 0, 0, 0, 0, 0, 34, 25, 1697
"c:\MAIN FLUTTER\stockall\lib\pages\shop_setup\edit_receipt_page\platforms\edit_receipt_page_mobile.dart", "Dart", 0, 0, 0, 0, 0, 1484, 0, 0, 0, 0, 0, 0, 0, 0, 0, 0, 22, 17, 1523
"c:\MAIN FLUTTER\stockall\lib\pages\shop_setup\shop_page\platforms\shop_page_desktop.dart", "Dart", 0, 0, 0, 0, 0, 1461, 0, 0, 0, 0, 0, 0, 0, 0, 0, 0, 2, 12, 1475
"c:\MAIN FLUTTER\stockall\lib\pages\shop_setup\shop_page\platforms\shop_page_mobile.dart", "Dart", 0, 0, 0, 0, 0, 1445, 0, 0, 0, 0, 0, 0, 0, 0, 0, 0, 1, 13, 1459
"c:\MAIN FLUTTER\stockall\lib\pages\shop_setup\shop_page\shop_page.dart", "Dart", 0, 0, 0, 0, 0, 19, 0, 0, 0, 0, 0, 0, 0, 0, 0, 0, 0, 3, 22
"c:\MAIN FLUTTER\stockall\lib\pages\shop_setup\shop_setup_one\shop_setup_desktop.dart", "Dart", 0, 0, 0, 0, 0, 310, 0, 0, 0, 0, 0, 0, 0, 0, 0, 0, 18, 10, 338
"c:\MAIN FLUTTER\stockall\lib\pages\shop_setup\shop_setup_one\shop_setup_mobile.dart", "Dart", 0, 0, 0, 0, 0, 274, 0, 0, 0, 0, 0, 0, 0, 0, 0, 0, 16, 10, 300
"c:\MAIN FLUTTER\stockall\lib\pages\shop_setup\shop_setup_one\shop_setup_page.dart", "Dart", 0, 0, 0, 0, 0, 24, 0, 0, 0, 0, 0, 0, 0, 0, 0, 0, 0, 3, 27
"c:\MAIN FLUTTER\stockall\lib\pages\shop_setup\shop_setup_two\shop_setup_two.dart", "Dart", 0, 0, 0, 0, 0, 24, 0, 0, 0, 0, 0, 0, 0, 0, 0, 0, 0, 3, 27
"c:\MAIN FLUTTER\stockall\lib\pages\shop_setup\shop_setup_two\shop_setup_two_desktop.dart", "Dart", 0, 0, 0, 0, 0, 3629, 0, 0, 0, 0, 0, 0, 0, 0, 0, 0, 32, 65, 3726
"c:\MAIN FLUTTER\stockall\lib\pages\shop_setup\shop_setup_two\shop_setup_two_mobile.dart", "Dart", 0, 0, 0, 0, 0, 3565, 0, 0, 0, 0, 0, 0, 0, 0, 0, 0, 12, 66, 3643
"c:\MAIN FLUTTER\stockall\lib\pages\subscription_page\components\comparison_row.dart", "Dart", 0, 0, 0, 0, 0, 187, 0, 0, 0, 0, 0, 0, 0, 0, 0, 0, 0, 4, 191
"c:\MAIN FLUTTER\stockall\lib\pages\subscription_page\components\comparison_section_widget.dart", "Dart", 0, 0, 0, 0, 0, 930, 0, 0, 0, 0, 0, 0, 0, 0, 0, 0, 0, 4, 934
"c:\MAIN FLUTTER\stockall\lib\pages\subscription_page\components\faq_section.dart", "Dart", 0, 0, 0, 0, 0, 180, 0, 0, 0, 0, 0, 0, 0, 0, 0, 0, 0, 8, 188
"c:\MAIN FLUTTER\stockall\lib\pages\subscription_page\components\pricing_container_widget.dart", "Dart", 0, 0, 0, 0, 0, 611, 0, 0, 0, 0, 0, 0, 0, 0, 0, 0, 4, 14, 629
"c:\MAIN FLUTTER\stockall\lib\pages\subscription_page\components\pricing_section_widget.dart", "Dart", 0, 0, 0, 0, 0, 225, 0, 0, 0, 0, 0, 0, 0, 0, 0, 0, 0, 4, 229
"c:\MAIN FLUTTER\stockall\lib\pages\subscription_page\subscription_page.dart", "Dart", 0, 0, 0, 0, 0, 364, 0, 0, 0, 0, 0, 0, 0, 0, 0, 0, 0, 10, 374
"c:\MAIN FLUTTER\stockall\lib\providers\app_version_provider.dart", "Dart", 0, 0, 0, 0, 0, 77, 0, 0, 0, 0, 0, 0, 0, 0, 0, 0, 0, 8, 85
"c:\MAIN FLUTTER\stockall\lib\providers\comp_provider.dart", "Dart", 0, 0, 0, 0, 0, 265, 0, 0, 0, 0, 0, 0, 0, 0, 0, 0, 12, 18, 295
"c:\MAIN FLUTTER\stockall\lib\providers\connectivity_provider.dart", "Dart", 0, 0, 0, 0, 0, 77, 0, 0, 0, 0, 0, 0, 0, 0, 0, 0, 53, 21, 151
"c:\MAIN FLUTTER\stockall\lib\providers\customers_provider.dart", "Dart", 0, 0, 0, 0, 0, 406, 0, 0, 0, 0, 0, 0, 0, 0, 0, 0, 72, 38, 516
"c:\MAIN FLUTTER\stockall\lib\providers\data_provider.dart", "Dart", 0, 0, 0, 0, 0, 1620, 0, 0, 0, 0, 0, 0, 0, 0, 0, 0, 196, 160, 1976
"c:\MAIN FLUTTER\stockall\lib\providers\department_provider.dart", "Dart", 0, 0, 0, 0, 0, 375, 0, 0, 0, 0, 0, 0, 0, 0, 0, 0, 13, 36, 424
"c:\MAIN FLUTTER\stockall\lib\providers\events_log_provider.dart", "Dart", 0, 0, 0, 0, 0, 380, 0, 0, 0, 0, 0, 0, 0, 0, 0, 0, 3, 20, 403
"c:\MAIN FLUTTER\stockall\lib\providers\expenses_provider.dart", "Dart", 0, 0, 0, 0, 0, 462, 0, 0, 0, 0, 0, 0, 0, 0, 0, 0, 70, 47, 579
"c:\MAIN FLUTTER\stockall\lib\providers\invoices_provider.dart", "Dart", 0, 0, 0, 0, 0, 999, 0, 0, 0, 0, 0, 0, 0, 0, 0, 0, 75, 83, 1157
"c:\MAIN FLUTTER\stockall\lib\providers\multi_display_provider.dart", "Dart", 0, 0, 0, 0, 0, 263, 0, 0, 0, 0, 0, 0, 0, 0, 0, 0, 6, 23, 292
"c:\MAIN FLUTTER\stockall\lib\providers\nav_provider.dart", "Dart", 0, 0, 0, 0, 0, 181, 0, 0, 0, 0, 0, 0, 0, 0, 0, 0, 2, 23, 206
"c:\MAIN FLUTTER\stockall\lib\providers\notifications_provider.dart", "Dart", 0, 0, 0, 0, 0, 171, 0, 0, 0, 0, 0, 0, 0, 0, 0, 0, 1, 20, 192
"c:\MAIN FLUTTER\stockall\lib\providers\product_suggestions_provider.dart", "Dart", 0, 0, 0, 0, 0, 0, 0, 0, 0, 0, 0, 0, 0, 0, 0, 0, 182, 28, 210
"c:\MAIN FLUTTER\stockall\lib\providers\receipts_provider.dart", "Dart", 0, 0, 0, 0, 0, 917, 0, 0, 0, 0, 0, 0, 0, 0, 0, 0, 176, 120, 1213
"c:\MAIN FLUTTER\stockall\lib\providers\ref_provider.dart", "Dart", 0, 0, 0, 0, 0, 0, 0, 0, 0, 0, 0, 0, 0, 0, 0, 0, 89, 16, 105
"c:\MAIN FLUTTER\stockall\lib\providers\report_provider.dart", "Dart", 0, 0, 0, 0, 0, 108, 0, 0, 0, 0, 0, 0, 0, 0, 0, 0, 3, 12, 123
"c:\MAIN FLUTTER\stockall\lib\providers\sales_provider.dart", "Dart", 0, 0, 0, 0, 0, 1388, 0, 0, 0, 0, 0, 0, 0, 0, 0, 0, 94, 102, 1584
"c:\MAIN FLUTTER\stockall\lib\providers\shop_provider.dart", "Dart", 0, 0, 0, 0, 0, 1747, 0, 0, 0, 0, 0, 0, 0, 0, 0, 0, 109, 161, 2017
"c:\MAIN FLUTTER\stockall\lib\providers\sub_payment_provider.dart", "Dart", 0, 0, 0, 0, 0, 17, 0, 0, 0, 0, 0, 0, 0, 0, 0, 0, 5, 6, 28
"c:\MAIN FLUTTER\stockall\lib\providers\subscription_provider.dart", "Dart", 0, 0, 0, 0, 0, 290, 0, 0, 0, 0, 0, 0, 0, 0, 0, 0, 7, 20, 317
"c:\MAIN FLUTTER\stockall\lib\providers\theme_provider.dart", "Dart", 0, 0, 0, 0, 0, 21, 0, 0, 0, 0, 0, 0, 0, 0, 0, 0, 0, 3, 24
"c:\MAIN FLUTTER\stockall\lib\providers\user_provider.dart", "Dart", 0, 0, 0, 0, 0, 271, 0, 0, 0, 0, 0, 0, 0, 0, 0, 0, 16, 37, 324
"c:\MAIN FLUTTER\stockall\lib\providers\validate_input_provider.dart", "Dart", 0, 0, 0, 0, 0, 71, 0, 0, 0, 0, 0, 0, 0, 0, 0, 0, 1, 4, 76
"c:\MAIN FLUTTER\stockall\lib\services\auth_service.dart", "Dart", 0, 0, 0, 0, 0, 410, 0, 0, 0, 0, 0, 0, 0, 0, 0, 0, 21, 52, 483
"c:\MAIN FLUTTER\stockall\lib\services\barcode_generation\barcode_import_helper.dart", "Dart", 0, 0, 0, 0, 0, 3, 0, 0, 0, 0, 0, 0, 0, 0, 0, 0, 0, 1, 4
"c:\MAIN FLUTTER\stockall\lib\services\barcode_generation\barcode_printing_import_desktop.dart", "Dart", 0, 0, 0, 0, 0, 145, 0, 0, 0, 0, 0, 0, 0, 0, 0, 0, 7, 23, 175
"c:\MAIN FLUTTER\stockall\lib\services\barcode_generation\barcode_printing_import_stub.dart", "Dart", 0, 0, 0, 0, 0, 19, 0, 0, 0, 0, 0, 0, 0, 0, 0, 0, 0, 5, 24
"c:\MAIN FLUTTER\stockall\lib\services\barcode_generation\barcode_printing_import_web.dart", "Dart", 0, 0, 0, 0, 0, 19, 0, 0, 0, 0, 0, 0, 0, 0, 0, 0, 0, 5, 24
"c:\MAIN FLUTTER\stockall\lib\services\notification_service\notificaton_service.dart", "Dart", 0, 0, 0, 0, 0, 0, 0, 0, 0, 0, 0, 0, 0, 0, 0, 0, 28, 8, 36
"c:\MAIN FLUTTER\stockall\lib\services\payment_result_page.dart\payment_result_page.dart", "Dart", 0, 0, 0, 0, 0, 206, 0, 0, 0, 0, 0, 0, 0, 0, 0, 0, 0, 14, 220
"c:\MAIN FLUTTER\stockall\lib\services\printing\import_helper.dart", "Dart", 0, 0, 0, 0, 0, 3, 0, 0, 0, 0, 0, 0, 0, 0, 0, 0, 0, 1, 4
"c:\MAIN FLUTTER\stockall\lib\services\printing\printer_service_mobile.dart", "Dart", 0, 0, 0, 0, 0, 534, 0, 0, 0, 0, 0, 0, 0, 0, 0, 0, 357, 42, 933
"c:\MAIN FLUTTER\stockall\lib\services\printing\printer_service_stub.dart", "Dart", 0, 0, 0, 0, 0, 16, 0, 0, 0, 0, 0, 0, 0, 0, 0, 0, 0, 3, 19
"c:\MAIN FLUTTER\stockall\lib\services\printing\printer_service_web.dart", "Dart", 0, 0, 0, 0, 0, 16, 0, 0, 0, 0, 0, 0, 0, 0, 0, 0, 0, 3, 19
"c:\MAIN FLUTTER\stockall\lib\services\sub_payment_serice.dart\paystack_checkout_page.dart", "Dart", 0, 0, 0, 0, 0, 83, 0, 0, 0, 0, 0, 0, 0, 0, 0, 0, 0, 7, 90
"c:\MAIN FLUTTER\stockall\lib\services\sub_payment_serice.dart\sub_payment_service.dart", "Dart", 0, 0, 0, 0, 0, 70, 0, 0, 0, 0, 0, 0, 0, 0, 0, 0, 0, 10, 80
"c:\MAIN FLUTTER\stockall\lib\simple_bar_chart.dart", "Dart", 0, 0, 0, 0, 0, 75, 0, 0, 0, 0, 0, 0, 0, 0, 0, 0, 0, 4, 79
"c:\MAIN FLUTTER\stockall\lib\theme\main_theme.dart", "Dart", 0, 0, 0, 0, 0, 401, 0, 0, 0, 0, 0, 0, 0, 0, 0, 0, 50, 45, 496
"c:\MAIN FLUTTER\stockall\linux\CMakeLists.txt", "CMake", 0, 104, 0, 0, 0, 0, 0, 0, 0, 0, 0, 0, 0, 0, 0, 0, 0, 25, 129
"c:\MAIN FLUTTER\stockall\linux\flutter\CMakeLists.txt", "CMake", 0, 79, 0, 0, 0, 0, 0, 0, 0, 0, 0, 0, 0, 0, 0, 0, 0, 10, 89
"c:\MAIN FLUTTER\stockall\linux\flutter\generated_plugin_registrant.cc", "C++", 43, 0, 0, 0, 0, 0, 0, 0, 0, 0, 0, 0, 0, 0, 0, 0, 4, 5, 52
"c:\MAIN FLUTTER\stockall\linux\flutter\generated_plugin_registrant.h", "C++", 5, 0, 0, 0, 0, 0, 0, 0, 0, 0, 0, 0, 0, 0, 0, 0, 5, 6, 16
"c:\MAIN FLUTTER\stockall\linux\flutter\generated_plugins.cmake", "CMake", 0, 28, 0, 0, 0, 0, 0, 0, 0, 0, 0, 0, 0, 0, 0, 0, 0, 6, 34
"c:\MAIN FLUTTER\stockall\linux\runner\CMakeLists.txt", "CMake", 0, 21, 0, 0, 0, 0, 0, 0, 0, 0, 0, 0, 0, 0, 0, 0, 0, 6, 27
"c:\MAIN FLUTTER\stockall\linux\runner\main.cc", "C++", 5, 0, 0, 0, 0, 0, 0, 0, 0, 0, 0, 0, 0, 0, 0, 0, 0, 2, 7
"c:\MAIN FLUTTER\stockall\linux\runner\my_application.cc", "C++", 83, 0, 0, 0, 0, 0, 0, 0, 0, 0, 0, 0, 0, 0, 0, 0, 21, 27, 131
"c:\MAIN FLUTTER\stockall\linux\runner\my_application.h", "C++", 7, 0, 0, 0, 0, 0, 0, 0, 0, 0, 0, 0, 0, 0, 0, 0, 7, 5, 19
"c:\MAIN FLUTTER\stockall\macos\Flutter\GeneratedPluginRegistrant.swift", "Swift", 0, 0, 0, 0, 36, 0, 0, 0, 0, 0, 0, 0, 0, 0, 0, 0, 3, 4, 43
"c:\MAIN FLUTTER\stockall\macos\RunnerTests\RunnerTests.swift", "Swift", 0, 0, 0, 0, 7, 0, 0, 0, 0, 0, 0, 0, 0, 0, 0, 0, 2, 4, 13
"c:\MAIN FLUTTER\stockall\macos\Runner\AppDelegate.swift", "Swift", 0, 0, 0, 0, 11, 0, 0, 0, 0, 0, 0, 0, 0, 0, 0, 0, 0, 3, 14
"c:\MAIN FLUTTER\stockall\macos\Runner\Assets.xcassets\AppIcon.appiconset\Contents.json", "JSON", 0, 0, 68, 0, 0, 0, 0, 0, 0, 0, 0, 0, 0, 0, 0, 0, 0, 0, 68
"c:\MAIN FLUTTER\stockall\macos\Runner\Base.lproj\MainMenu.xib", "XML", 0, 0, 0, 0, 0, 0, 0, 0, 343, 0, 0, 0, 0, 0, 0, 0, 0, 1, 344
"c:\MAIN FLUTTER\stockall\macos\Runner\MainFlutterWindow.swift", "Swift", 0, 0, 0, 0, 12, 0, 0, 0, 0, 0, 0, 0, 0, 0, 0, 0, 0, 4, 16
"c:\MAIN FLUTTER\stockall\pubspec.yaml", "YAML", 0, 0, 0, 120, 0, 0, 0, 0, 0, 0, 0, 0, 0, 0, 0, 0, 73, 15, 208
"c:\MAIN FLUTTER\stockall\supabase\functions\delete-user\deno.json", "JSON", 0, 0, 3, 0, 0, 0, 0, 0, 0, 0, 0, 0, 0, 0, 0, 0, 0, 1, 4
"c:\MAIN FLUTTER\stockall\supabase\functions\delete-user\index.ts", "TypeScript", 0, 0, 0, 0, 0, 0, 0, 41, 0, 0, 0, 0, 0, 0, 0, 0, 2, 9, 52
"c:\MAIN FLUTTER\stockall\supabase\functions\initiate-subscription-payment\deno.json", "JSON", 0, 0, 3, 0, 0, 0, 0, 0, 0, 0, 0, 0, 0, 0, 0, 0, 0, 1, 4
"c:\MAIN FLUTTER\stockall\supabase\functions\initiate-subscription-payment\index.ts", "TypeScript", 0, 0, 0, 0, 0, 0, 0, 103, 0, 0, 0, 0, 0, 0, 0, 0, 3, 17, 123
"c:\MAIN FLUTTER\stockall\supabase\functions\verify-subscription-payment\deno.json", "JSON", 0, 0, 3, 0, 0, 0, 0, 0, 0, 0, 0, 0, 0, 0, 0, 0, 0, 1, 4
"c:\MAIN FLUTTER\stockall\supabase\functions\verify-subscription-payment\index.ts", "TypeScript", 0, 0, 0, 0, 0, 0, 0, 146, 0, 0, 0, 0, 0, 0, 0, 0, 6, 21, 173
"c:\MAIN FLUTTER\stockall\test\widget_test.dart", "Dart", 0, 0, 0, 0, 0, 17, 0, 0, 0, 0, 0, 0, 0, 0, 0, 0, 10, 7, 34
"c:\MAIN FLUTTER\stockall\web\index.html", "HTML", 0, 0, 0, 0, 0, 0, 0, 0, 0, 89, 0, 0, 0, 0, 0, 0, 17, 33, 139
"c:\MAIN FLUTTER\stockall\web\manifest.json", "JSON", 0, 0, 35, 0, 0, 0, 0, 0, 0, 0, 0, 0, 0, 0, 0, 0, 0, 0, 35
"c:\MAIN FLUTTER\stockall\windows\CMakeLists.txt", "CMake", 0, 93, 0, 0, 0, 0, 0, 0, 0, 0, 0, 0, 0, 0, 0, 0, 0, 22, 115
"c:\MAIN FLUTTER\stockall\windows\flutter\CMakeLists.txt", "CMake", 0, 98, 0, 0, 0, 0, 0, 0, 0, 0, 0, 0, 0, 0, 0, 0, 0, 12, 110
"c:\MAIN FLUTTER\stockall\windows\flutter\generated_plugin_registrant.cc", "C++", 42, 0, 0, 0, 0, 0, 0, 0, 0, 0, 0, 0, 0, 0, 0, 0, 4, 5, 51
"c:\MAIN FLUTTER\stockall\windows\flutter\generated_plugin_registrant.h", "C++", 5, 0, 0, 0, 0, 0, 0, 0, 0, 0, 0, 0, 0, 0, 0, 0, 5, 6, 16
"c:\MAIN FLUTTER\stockall\windows\flutter\generated_plugins.cmake", "CMake", 0, 31, 0, 0, 0, 0, 0, 0, 0, 0, 0, 0, 0, 0, 0, 0, 0, 6, 37
"c:\MAIN FLUTTER\stockall\windows\runner\CMakeLists.txt", "CMake", 0, 34, 0, 0, 0, 0, 0, 0, 0, 0, 0, 0, 0, 0, 0, 0, 0, 7, 41
"c:\MAIN FLUTTER\stockall\windows\runner\flutter_window.cpp", "C++", 49, 0, 0, 0, 0, 0, 0, 0, 0, 0, 0, 0, 0, 0, 0, 0, 7, 16, 72
"c:\MAIN FLUTTER\stockall\windows\runner\flutter_window.h", "C++", 20, 0, 0, 0, 0, 0, 0, 0, 0, 0, 0, 0, 0, 0, 0, 0, 5, 9, 34
"c:\MAIN FLUTTER\stockall\windows\runner\main.cpp", "C++", 30, 0, 0, 0, 0, 0, 0, 0, 0, 0, 0, 0, 0, 0, 0, 0, 4, 10, 44
"c:\MAIN FLUTTER\stockall\windows\runner\resource.h", "C++", 9, 0, 0, 0, 0, 0, 0, 0, 0, 0, 0, 0, 0, 0, 0, 0, 6, 2, 17
"c:\MAIN FLUTTER\stockall\windows\runner\utils.cpp", "C++", 54, 0, 0, 0, 0, 0, 0, 0, 0, 0, 0, 0, 0, 0, 0, 0, 2, 10, 66
"c:\MAIN FLUTTER\stockall\windows\runner\utils.h", "C++", 8, 0, 0, 0, 0, 0, 0, 0, 0, 0, 0, 0, 0, 0, 0, 0, 6, 6, 20
"c:\MAIN FLUTTER\stockall\windows\runner\win32_window.cpp", "C++", 210, 0, 0, 0, 0, 0, 0, 0, 0, 0, 0, 0, 0, 0, 0, 0, 24, 55, 289
"c:\MAIN FLUTTER\stockall\windows\runner\win32_window.h", "C++", 48, 0, 0, 0, 0, 0, 0, 0, 0, 0, 0, 0, 0, 0, 0, 0, 31, 24, 103
"Total", "-", 619, 488, 220, 126, 85, 160312, 13, 290, 988, 194, 4, 221976, 126, 59, 8, 373416, 12339, 17005, 788268